-- This file contains SQL statements that will be executed after the build script.

IF '$(POPULATEDATA)' = '1'
BEGIN
    DELETE FROM SalesLT.SalesOrderDetails;
    DELETE FROM SalesLT.SalesOrderHeader;
    DELETE FROM SalesLT.Product;
    DELETE FROM SalesLT.ProductCategory;


    SET IDENTITY_INSERT SalesLT.ProductCategory ON;
    INSERT INTO SalesLT.ProductCategory
    (ProductCategoryID,ParentProductCategoryID,[Name],rowguid,ModifiedDate)
    VALUES
    (1,NULL,'Bikes','cfbda25c-df71-47a7-b81b-64ee161aa37c','2023-06-01 00:00:00.000'),
    (2,NULL,'Components','c657828d-d808-4aba-91a3-af2ce02300e9','2023-06-01 00:00:00.000'),
    (3,NULL,'Clothing','10a7c342-ca82-48d4-8a38-46a2eb089b74','2023-06-01 00:00:00.000'),
    (4,NULL,'Accessories','2be3be36-d9a2-4eee-b593-ed895d97c2a6','2023-06-01 00:00:00.000'),
    (5,1,'Mountain Bikes','2d364ade-264a-433c-b092-4fcbf3804e01','2023-06-01 00:00:00.000'),
    (6,1,'Road Bikes','000310c0-bcc8-42c4-b0c3-45ae611af06b','2023-06-01 00:00:00.000'),
    (7,1,'Touring Bikes','02c5061d-ecdc-4274-b5f1-e91d76bc3f37','2023-06-01 00:00:00.000'),
    (8,2,'Handlebars','3ef2c725-7135-4c85-9ae6-ae9a3bdd9283','2023-06-01 00:00:00.000'),
    (9,2,'Bottom Brackets','a9e54089-8a1e-4cf5-8646-e3801f685934','2023-06-01 00:00:00.000'),
    (10,2,'Brakes','d43ba4a3-ef0d-426b-90eb-4be4547dd30c','2023-06-01 00:00:00.000'),
    (11,2,'Chains','e93a7231-f16c-4b0f-8c41-c73fdec62da0','2023-06-01 00:00:00.000'),
    (12,2,'Cranksets','4f644521-422b-4f19-974a-e3df6102567e','2023-06-01 00:00:00.000'),
    (13,2,'Derailleurs','1830d70c-aa2a-40c0-a271-5ba86f38f8bf','2023-06-01 00:00:00.000'),
    (14,2,'Forks','b5f9ba42-b69b-4fdd-b2ec-57fb7b42e3cf','2023-06-01 00:00:00.000'),
    (15,2,'Headsets','7c782bbe-5a16-495a-aa50-10afe5a84af2','2023-06-01 00:00:00.000'),
    (16,2,'Mountain Frames','61b21b65-e16a-4be7-9300-4d8e9db861be','2023-06-01 00:00:00.000'),
    (17,2,'Pedals','6d24ac07-7a84-4849-864a-865a14125bc9','2023-06-01 00:00:00.000'),
    (18,2,'Road Frames','5515f857-075b-4f9a-87b7-43b4997077b3','2023-06-01 00:00:00.000'),
    (19,2,'Saddles','049fffa3-9d30-46df-82f7-f20730ec02b3','2023-06-01 00:00:00.000'),
    (20,2,'Touring Frames','d2e3f1a8-56c4-4f36-b29d-5659fc0d2789','2023-06-01 00:00:00.000'),
    (21,2,'Wheels','43521287-4b0b-438e-b80e-d82d9ad7c9f0','2023-06-01 00:00:00.000'),
    (22,3,'Bib-Shorts','67b58d2b-5798-4a90-8c6c-5ddacf057171','2023-06-01 00:00:00.000'),
    (23,3,'Caps','430dd6a8-a755-4b23-bb05-52520107da5f','2023-06-01 00:00:00.000'),
    (24,3,'Gloves','92d5657b-0032-4e49-bad5-41a441a70942','2023-06-01 00:00:00.000'),
    (25,3,'Jerseys','09e91437-ba4f-4b1a-8215-74184fd95db8','2023-06-01 00:00:00.000'),
    (26,3,'Shorts','1a5ba5b3-03c3-457c-b11e-4fa85ede87da','2023-06-01 00:00:00.000'),
    (27,3,'Socks','701019c3-09fe-4949-8386-c6ce686474e5','2023-06-01 00:00:00.000'),
    (28,3,'Tights','5deb3e55-9897-4416-b18a-515e970bc2d1','2023-06-01 00:00:00.000'),
    (29,3,'Vests','9ad7fe93-5ba0-4736-b578-ff80a2071297','2023-06-01 00:00:00.000'),
    (30,4,'Bike Racks','4624b5ce-66d6-496b-9201-c053df3556cc','2023-06-01 00:00:00.000'),
    (31,4,'Bike Stands','43b445c8-b820-424e-a1d5-90d81da0b46f','2023-06-01 00:00:00.000'),
    (32,4,'Bottles and Cages','9b7dff41-9fa3-4776-8def-2c9a48c8b779','2023-06-01 00:00:00.000'),
    (33,4,'Cleaners','9ad3bcf0-244d-4ec4-a6a0-fb701351c6a3','2023-06-01 00:00:00.000'),
    (34,4,'Fenders','1697f8a2-0a08-4883-b7dd-d19117b4e9a7','2023-06-01 00:00:00.000'),
    (35,4,'Helmets','f5e07a33-c9e0-439c-b5f3-9f25fb65becc','2023-06-01 00:00:00.000'),
    (36,4,'Hydration Packs','646a8906-fc87-4267-a443-9c6d791e6693','2023-06-01 00:00:00.000'),
    (37,4,'Lights','954178ba-624f-42db-95f6-ca035f36d130','2023-06-01 00:00:00.000'),
    (38,4,'Locks','19646983-3fa0-4773-9a0c-f34c49df9bc8','2023-06-01 00:00:00.000'),
    (39,4,'Panniers','3002a5d5-fec3-464b-bef3-e0f81d35f431','2023-06-01 00:00:00.000'),
    (40,4,'Pumps','fe4d46f2-c87c-48c5-a4a1-3f55712d80b1','2023-06-01 00:00:00.000'),
    (41,4,'Tires and Tubes','3c17c9ae-e906-48b4-bdd3-60e28d47dcdf','2023-06-01 00:00:00.000');


    SET IDENTITY_INSERT SalesLT.ProductCategory OFF;

    SET IDENTITY_INSERT SalesLT.Product ON;

    INSERT INTO SalesLT.Product
    (ProductID,[Name],ProductNumber,Color,StandardCost,ListPrice,Size,Weight,ProductCategoryID,SellStartDate,DiscontinuedDate,rowguid,ModifiedDate)
    VALUES
    (709,'Mountain Bike Socks, M','SO-B909-M','White',3.3963,9.50,'M',NULL,27,'2022-07-01 00:00:00.000',NULL,'18f95f47-1540-4e02-8f1f-cc1bcb6828d0','2023-03-11 10:01:36.827'),
    (713,'Long-Sleeve Logo Jersey, S','LJ-0192-S','Multi',38.4923,49.99,'S',NULL,25,'2022-07-01 00:00:00.000',NULL,'fd449c82-a259-4fae-8584-6ca0255faf68','2023-03-11 10:01:36.827'),
    (714,'Long-Sleeve Logo Jersey, M','LJ-0192-M','Multi',38.4923,49.99,'M',NULL,25,'2022-07-01 00:00:00.000',NULL,'6a290063-a0cf-432a-8110-2ea0fda14308','2023-03-11 10:01:36.827'),
    (715,'Long-Sleeve Logo Jersey, L','LJ-0192-L','Multi',38.4923,49.99,'L',NULL,25,'2022-07-01 00:00:00.000',NULL,'34cf5ef5-c077-4ea0-914a-084814d5cbd5','2023-03-11 10:01:36.827'),
    (716,'Long-Sleeve Logo Jersey, XL','LJ-0192-X','Multi',38.4923,49.99,'XL',NULL,25,'2022-07-01 00:00:00.000',NULL,'6ec47ec9-c041-4dda-b686-2125d539ce9b','2023-03-11 10:01:36.827'),
    (841,'Men''s Sports Shorts, S','SH-M897-S','Black',24.7459,59.99,'S',NULL,26,'2022-07-01 00:00:00.000',NULL,'34b08c1f-99d1-43c4-8ef7-2cd754b6665d','2023-03-11 10:01:36.827'),
    (850,'Men''s Sports Shorts, L','SH-M897-L','Black',24.7459,59.99,'L',NULL,26,'2022-07-01 00:00:00.000',NULL,'714184c5-669b-4cf1-a802-30e7b1ea7722','2023-03-11 10:01:36.827'),
    (851,'Men''s Sports Shorts, XL','SH-M897-X','Black',24.7459,59.99,'XL',NULL,26,'2022-07-01 00:00:00.000',NULL,'bd3ffe40-fe2e-44cb-a4e0-81786c3a751f','2023-03-11 10:01:36.827'),
    (881,'Short-Sleeve Classic Jersey, S','SJ-0194-S','Yellow',41.5723,53.99,'S',NULL,25,'2021-07-01 00:00:00.000',NULL,'05b2e20f-2399-4cb3-9b49-b28d6649c104','2023-03-11 10:01:36.827'),
    (882,'Short-Sleeve Classic Jersey, M','SJ-0194-M','Yellow',41.5723,53.99,'M',NULL,25,'2021-07-01 00:00:00.000',NULL,'bbbf003b-367d-4d71-af71-10f50b6234a0','2023-03-11 10:01:36.827'),
    (883,'Short-Sleeve Classic Jersey, L','SJ-0194-L','Yellow',41.5723,53.99,'L',NULL,25,'2021-07-01 00:00:00.000',NULL,'2d9f59b8-9f24-46eb-98ad-553e48bb9db9','2023-03-11 10:01:36.827'),
    (884,'Short-Sleeve Classic Jersey, XL','SJ-0194-X','Yellow',41.5723,53.99,'XL',NULL,25,'2021-07-01 00:00:00.000',NULL,'906d42f6-c21f-4d20-b528-02ffdb55fd1e','2023-03-11 10:01:36.827'),
    (852,'Women''s Tights, S','TG-W091-S','Black',30.9334,74.99,'S',NULL,28,'2022-07-01 00:00:00.000',NULL,'7de86c98-4f5b-4155-8572-c977f14ebaeb','2023-03-11 10:01:36.827'),
    (853,'Women''s Tights, M','TG-W091-M','Black',30.9334,74.99,'M',NULL,28,'2022-07-01 00:00:00.000',NULL,'4d8e186c-b8c9-4c64-b411-4995dd87e316','2023-03-11 10:01:36.827'),
    (854,'Women''s Tights, L','TG-W091-L','Black',30.9334,74.99,'L',NULL,28,'2022-07-01 00:00:00.000',NULL,'e378c2f3-54f6-4ea9-b049-e8bb32b5bdfd','2023-03-11 10:01:36.827'),
    (855,'Men''s Bib-Shorts, S','SB-M891-S','Multi',37.1209,89.99,'S',NULL,22,'2022-07-01 00:00:00.000',NULL,'9f60af1e-4c11-4e90-baea-48e834e8b4c2','2023-03-11 10:01:36.827'),
    (856,'Men''s Bib-Shorts, M','SB-M891-M','Multi',37.1209,89.99,'M',NULL,22,'2022-07-01 00:00:00.000',NULL,'e0cbec04-f4fc-450f-9780-f8ea7691febd','2023-03-11 10:01:36.827'),
    (857,'Men''s Bib-Shorts, L','SB-M891-L','Multi',37.1209,89.99,'L',NULL,22,'2022-07-01 00:00:00.000',NULL,'e1df75a4-9986-489e-a5de-ad3da824eb5e','2023-03-11 10:01:36.827'),
    (858,'Half-Finger Gloves, S','GL-H102-S','Black',9.1593,24.49,'S',NULL,24,'2022-07-01 00:00:00.000',NULL,'9e1db5c3-539d-4061-9433-d762dc195cd8','2023-03-11 10:01:36.827'),
    (859,'Half-Finger Gloves, M','GL-H102-M','Black',9.1593,24.49,'M',NULL,24,'2022-07-01 00:00:00.000',NULL,'9d458fd5-392d-4ab1-afef-6a5548e48858','2023-03-11 10:01:36.827'),
    (860,'Half-Finger Gloves, L','GL-H102-L','Black',9.1593,24.49,'L',NULL,24,'2022-07-01 00:00:00.000',NULL,'fa710215-925f-4959-81df-538e72a6a255','2023-03-11 10:01:36.827'),
    (861,'Full-Finger Gloves, S','GL-F110-S','Black',15.6709,37.99,'S',NULL,24,'2022-07-01 00:00:00.000',NULL,'76fac097-1fb3-456b-8fb9-2c7a613771b4','2023-03-11 10:01:36.827'),
    (862,'Full-Finger Gloves, M','GL-F110-M','Black',15.6709,37.99,'M',NULL,24,'2022-07-01 00:00:00.000',NULL,'1084221e-1890-443e-9d87-afcad6358355','2023-03-11 10:01:36.827'),
    (863,'Full-Finger Gloves, L','GL-F110-L','Black',15.6709,37.99,'L',NULL,24,'2022-07-01 00:00:00.000',NULL,'6116f9d4-8a1d-4022-a642-9c445c197203','2023-03-11 10:01:36.827'),
    (864,'Classic Vest, S','VE-C304-S','Blue',23.749,63.50,'S',NULL,29,'2021-07-01 00:00:00.000',NULL,'eb423ef3-409d-46fe-b35b-d69970820314','2023-03-11 10:01:36.827'),
    (865,'Classic Vest, M','VE-C304-M','Blue',23.749,63.50,'M',NULL,29,'2021-07-01 00:00:00.000',NULL,'2e52f96e-64a1-4069-911c-e3fd6e094a1e','2023-03-11 10:01:36.827'),
    (866,'Classic Vest, L','VE-C304-L','Blue',23.749,63.50,'L',NULL,29,'2021-07-01 00:00:00.000',NULL,'3211f5a8-b6c4-48bd-9aa4-d69cb40d97dd','2023-03-11 10:01:36.827'),
    (867,'Women''s Mountain Shorts, S','SH-W890-S','Black',26.1763,69.99,'S',NULL,26,'2021-07-01 00:00:00.000',NULL,'22616fd2-b99f-4f7d-acf6-33dff66d42d2','2023-03-11 10:01:36.827'),
    (868,'Women''s Mountain Shorts, M','SH-W890-M','Black',26.1763,69.99,'M',NULL,26,'2021-07-01 00:00:00.000',NULL,'968e3610-e583-42e8-8ab6-484a799b1774','2023-03-11 10:01:36.827'),
    (869,'Women''s Mountain Shorts, L','SH-W890-L','Black',26.1763,69.99,'L',NULL,26,'2021-07-01 00:00:00.000',NULL,'1a66b244-5ca0-4153-b539-ae048d14faec','2023-03-11 10:01:36.827'),
    (710,'Mountain Bike Socks, L','SO-B909-L','White',3.3963,9.50,'L',NULL,27,'2022-07-01 00:00:00.000',NULL,'161c035e-21b3-4e14-8e44-af508f35d80a','2023-03-11 10:01:36.827'),
    (808,'LL Mountain Handlebars','HB-M243',NULL,19.7758,44.54,NULL,1234.00,8,'2022-07-01 00:00:00.000',NULL,'b59b7bf2-7afc-4a74-b063-f942f1e0da19','2023-03-11 10:01:36.827'),
    (809,'ML Mountain Handlebars','HB-M763',NULL,27.4925,61.92,NULL,1234.00,8,'2022-07-01 00:00:00.000',NULL,'ae6020df-d9c9-4d34-9795-1f80e6bbf5a5','2023-03-11 10:01:36.827'),
    (810,'HL Mountain Handlebars','HB-M918',NULL,53.3999,120.27,NULL,1234.00,8,'2022-07-01 00:00:00.000',NULL,'6aa0f921-0f09-4f99-8d3c-335946873553','2023-03-11 10:01:36.827'),
    (813,'HL Road Handlebars','HB-R956',NULL,53.3999,120.27,NULL,1234.00,8,'2022-07-01 00:00:00.000',NULL,'5c5327b9-ad2e-4c33-8d74-edf49e0c2dd8','2023-03-11 10:01:36.827'),
    (870,'Water Bottle - 30 oz.','WB-H098',NULL,1.8663,4.99,NULL,1234.00,32,'2021-07-01 00:00:00.000',NULL,'834e8d1a-69a7-4c42-8b68-fa08d9ec9e5b','2023-03-11 10:01:36.827'),
    (873,'Patch Kit/8 Patches','PK-7098',NULL,0.8565,2.29,NULL,1234.00,41,'2021-07-01 00:00:00.000',NULL,'36e638e4-68df-411b-930a-daad57221aa6','2023-03-11 10:01:36.827'),
    (874,'"Racing Socks, M"','SO-R809-M','White',3.3623,8.99,'M',1234.00,27,'2021-07-01 00:00:00.000',NULL,'b9c7eb0a-1dd1-4a1d-b4c3-1dad83a8ea7e','2023-03-11 10:01:36.827'),
    (875,'"Racing Socks, L"','SO-R809-L','White',3.3623,8.99,'L',1234.00,27,'2021-07-01 00:00:00.000',NULL,'c0a16305-74b7-4fae-b5c9-3e8bd0e44762','2023-03-11 10:01:36.827'),
    (876,'Hitch Rack - 4-Bike','RA-H123',NULL,44.88,120.00,NULL,1234.00,30,'2021-07-01 00:00:00.000',NULL,'7a0c4bbd-9679-4f59-9ebc-9daf3439a38a','2023-03-11 10:01:36.827'),
    (877,'Bike Wash - Dissolver','CL-9009',NULL,2.9733,7.95,NULL,1234.00,33,'2021-07-01 00:00:00.000',NULL,'3c40b5ad-e328-4715-88a7-ec3220f02acf','2023-03-11 10:01:36.827'),
    (908,'LL Mountain Seat/Saddle','SE-M236',NULL,12.0413,27.12,NULL,1234.00,19,'2021-07-01 00:00:00.000',NULL,'4dab53c5-31e7-47d6-a5a0-940f8d4dad22','2023-03-11 10:01:36.827'),
    (909,'ML Mountain Seat/Saddle','SE-M798',NULL,17.3782,39.14,NULL,1234.00,19,'2021-07-01 00:00:00.000',NULL,'30222244-0fd8-4d28-8448-f2e658bf52bd','2023-03-11 10:01:36.827'),
    (910,'HL Mountain Seat/Saddle','SE-M940',NULL,23.3722,52.64,NULL,1234.00,19,'2021-07-01 00:00:00.000',NULL,'a96a5024-87de-488a-bf81-bc0c81f6cd18','2023-03-11 10:01:36.827'),
    (913,'HL Road Seat/Saddle','SE-R995',NULL,23.3722,52.64,NULL,1234.00,19,'2021-07-01 00:00:00.000',NULL,'2befe629-4b2a-41a1-a009-df13ead69105','2023-03-11 10:01:36.827'),
    (916,'HL Touring Seat/Saddle','SE-T924',NULL,23.3722,52.64,NULL,1234.00,19,'2021-07-01 00:00:00.000',NULL,'0e158724-934d-4a64-991f-94fec00bdea8','2023-03-11 10:01:36.827'),
    (947,'HL Touring Handlebars','HB-T928',NULL,40.6571,91.57,NULL,1234.00,8,'2021-07-01 00:00:00.000',NULL,'cb524e92-4fa8-4f6c-9993-60796856c654','2023-03-11 10:01:36.827'),
    (994,'LL Bottom Bracket','BB-7421',NULL,23.9716,53.99,NULL,1234.00,9,'2021-07-01 00:00:00.000',NULL,'fa3c65cd-0a22-47e3-bdf6-53f1dc138c43','2023-03-11 10:01:36.827'),
    (996,'HL Bottom Bracket','BB-9108',NULL,53.9416,121.49,NULL,1234.00,9,'2021-07-01 00:00:00.000',NULL,'230c47c5-08b2-4ce3-b706-69c0bdd62965','2023-03-11 10:01:36.827')


    INSERT INTO SalesLT.Product
    (ProductID,[Name],ProductNumber,Color,StandardCost,ListPrice,Size,Weight,ProductCategoryID,SellStartDate,DiscontinuedDate,rowguid,ModifiedDate)
    VALUES
    (680,'HL Road Frame - Black, 58','FR-R92B-58','Black',1059.31,1431.50,58,1016.04,18,'2023-06-01 00:00:00.000',NULL,'43dd68d6-14a4-461f-9069-55309d90ea7e','2023-03-11 10:01:36.827'),
    (706,'HL Road Frame - Red, 58','FR-R92R-58','Red',1059.31,1431.50,58,1016.04,18,'2023-06-01 00:00:00.000',NULL,'9540ff17-2712-4c90-a3d1-8ce5568b2462','2023-03-11 10:01:36.827'),
    (707,'Sport-100 Helmet, Red','HL-U509-R','Red',13.0863,34.99,NULL,NULL,35,'2022-07-01 00:00:00.000',NULL,'2e1ef41a-c08a-4ff6-8ada-bde58b64a712','2023-03-11 10:01:36.827'),
    (708,'Sport-100 Helmet, Black','HL-U509','Black',13.0863,34.99,NULL,NULL,35,'2022-07-01 00:00:00.000',NULL,'a25a44fb-c2de-4268-958f-110b8d7621e2','2023-03-11 10:01:36.827'),
    (711,'Sport-100 Helmet, Blue','HL-U509-B','Blue',13.0863,34.99,NULL,NULL,35,'2022-07-01 00:00:00.000',NULL,'fd7c0858-4179-48c2-865b-abd5dfc7bc1d','2023-03-11 10:01:36.827'),
    (712,'AWC Logo Cap','CA-1098','Multi',6.9223,8.99,NULL,NULL,23,'2022-07-01 00:00:00.000',NULL,'b9ede243-a6f4-4629-b1d4-ffe1aedc6de7','2023-03-11 10:01:36.827'),
    (717,'HL Road Frame - Red, 62','FR-R92R-62','Red',868.6342,1431.50,62,1043.26,18,'2022-07-01 00:00:00.000',NULL,'052e4f8b-0a2a-46b2-9f42-10febcfae416','2023-03-11 10:01:36.827'),
    (718,'HL Road Frame - Red, 44','FR-R92R-44','Red',868.6342,1431.50,44,961.61,18,'2022-07-01 00:00:00.000',NULL,'a88d3b54-2cae-43f2-8c6e-ea1d97b46a7c','2023-03-11 10:01:36.827'),
    (719,'HL Road Frame - Red, 48','FR-R92R-48','Red',868.6342,1431.50,48,979.75,18,'2022-07-01 00:00:00.000',NULL,'07befc9a-7634-402b-b234-d7797733baaf','2023-03-11 10:01:36.827'),
    (720,'HL Road Frame - Red, 52','FR-R92R-52','Red',868.6342,1431.50,52,997.90,18,'2022-07-01 00:00:00.000',NULL,'fcfea68f-310e-4e6e-9f99-bb17d011ebae','2023-03-11 10:01:36.827'),
    (721,'HL Road Frame - Red, 56','FR-R92R-56','Red',868.6342,1431.50,56,1016.04,18,'2022-07-01 00:00:00.000',NULL,'56c85873-4993-41b4-8096-1067cfd7e4bd','2023-03-11 10:01:36.827'),
    (722,'LL Road Frame - Black, 58','FR-R38B-58','Black',204.6251,337.22,58,1115.83,18,'2022-07-01 00:00:00.000',NULL,'2140f256-f705-4d67-975d-32de03265838','2023-03-11 10:01:36.827'),
    (723,'LL Road Frame - Black, 60','FR-R38B-60','Black',204.6251,337.22,60,1124.90,18,'2022-07-01 00:00:00.000',NULL,'aa95e2a5-e7c4-4b74-b1ea-b52ee3b51537','2023-03-11 10:01:36.827'),
    (724,'LL Road Frame - Black, 62','FR-R38B-62','Black',204.6251,337.22,62,1133.98,18,'2022-07-01 00:00:00.000',NULL,'5247be33-50bf-4527-8a30-a39aae500a8e','2023-03-11 10:01:36.827'),
    (725,'LL Road Frame - Red, 44','FR-R38R-44','Red',187.1571,337.22,44,1052.33,18,'2022-07-01 00:00:00.000',NULL,'137d319d-44ad-42b2-ab61-60b9ce52b5f2','2023-03-11 10:01:36.827'),
    (726,'LL Road Frame - Red, 48','FR-R38R-48','Red',187.1571,337.22,48,1070.47,18,'2022-07-01 00:00:00.000',NULL,'35213547-275f-4767-805d-c8a4b8e13745','2023-03-11 10:01:36.827'),
    (727,'LL Road Frame - Red, 52','FR-R38R-52','Red',187.1571,337.22,52,1088.62,18,'2022-07-01 00:00:00.000',NULL,'c455e0b3-d716-419d-abf0-7e03efdd2e26','2023-03-11 10:01:36.827'),
    (728,'LL Road Frame - Red, 58','FR-R38R-58','Red',187.1571,337.22,58,1115.83,18,'2022-07-01 00:00:00.000',NULL,'799a56ff-5ad2-41b3-bfac-528b477ad129','2023-03-11 10:01:36.827'),
    (729,'LL Road Frame - Red, 60','FR-R38R-60','Red',187.1571,337.22,60,1124.90,18,'2022-07-01 00:00:00.000',NULL,'1784bb14-d1f5-4b24-92da-9127ad179302','2023-03-11 10:01:36.827'),
    (730,'LL Road Frame - Red, 62','FR-R38R-62','Red',187.1571,337.22,62,1133.98,18,'2022-07-01 00:00:00.000',NULL,'7e73aa1f-8569-4d87-9f80-ac2e513e0803','2023-03-11 10:01:36.827'),
    (731,'ML Road Frame - Red, 44','FR-R72R-44','Red',352.1394,594.83,44,1006.97,18,'2022-07-01 00:00:00.000',NULL,'459e041c-3234-409e-b4cd-81728f8a2398','2023-03-11 10:01:36.827'),
    (732,'ML Road Frame - Red, 48','FR-R72R-48','Red',352.1394,594.83,48,1025.11,18,'2022-07-01 00:00:00.000',NULL,'b673189c-c042-413b-8194-73bc44b0492c','2023-03-11 10:01:36.827'),
    (733,'ML Road Frame - Red, 52','FR-R72R-52','Red',352.1394,594.83,52,1043.26,18,'2022-07-01 00:00:00.000',NULL,'55ea276b-82d8-4ccb-9ab1-9b1b75b15a83','2023-03-11 10:01:36.827'),
    (734,'ML Road Frame - Red, 58','FR-R72R-58','Red',352.1394,594.83,58,1070.47,18,'2022-07-01 00:00:00.000',NULL,'df4ce1e2-ba9a-4657-b999-ccfa6c55d9c1','2023-03-11 10:01:36.827'),
    (735,'ML Road Frame - Red, 60','FR-R72R-60','Red',352.1394,594.83,60,1079.54,18,'2022-07-01 00:00:00.000',NULL,'b2e48e8c-63a5-469a-ba4c-4f5ebb1104a4','2023-03-11 10:01:36.827'),
    (736,'LL Road Frame - Black, 44','FR-R38B-44','Black',204.6251,337.22,44,1052.33,18,'2022-07-01 00:00:00.000',NULL,'c9967889-f490-4a66-943a-bce432e938d8','2023-03-11 10:01:36.827'),
    (737,'LL Road Frame - Black, 48','FR-R38B-48','Black',204.6251,337.22,48,1070.47,18,'2022-07-01 00:00:00.000',NULL,'3b5f29b6-a441-4ff7-a0fa-fad10e2ceb4c','2023-03-11 10:01:36.827'),
    (738,'LL Road Frame - Black, 52','FR-R38B-52','Black',204.6251,337.22,52,1088.62,18,'2022-07-01 00:00:00.000',NULL,'18fc5d72-a012-4dc7-bb35-0d01a84d0219','2023-03-11 10:01:36.827'),
    (739,'HL Mountain Frame - Silver, 42','FR-M94S-42','Silver',747.2023,1364.50,42,1233.76,16,'2022-07-01 00:00:00.000',NULL,'8ae32663-8d6f-457d-8343-5b181fec43a7','2023-03-11 10:01:36.827'),
    (740,'HL Mountain Frame - Silver, 44','FR-M94S-44','Silver',706.811,1364.50,44,1251.91,16,'2022-07-01 00:00:00.000',NULL,'1909c60c-c490-411d-b3e6-12ddd7832482','2023-03-11 10:01:36.827'),
    (741,'HL Mountain Frame - Silver, 48','FR-M94S-52','Silver',706.811,1364.50,48,1270.05,16,'2022-07-01 00:00:00.000',NULL,'b181ec1f-ca20-4724-b2eb-15f3e455142e','2023-03-11 10:01:36.827'),
    (742,'HL Mountain Frame - Silver, 46','FR-M94S-46','Silver',747.2023,1364.50,46,1288.20,16,'2022-07-01 00:00:00.000',NULL,'a189d86e-d923-4336-b13d-a5db6f426540','2023-03-11 10:01:36.827'),
    (743,'HL Mountain Frame - Black, 42','FR-M94B-42','Black',739.041,1349.60,42,1233.76,16,'2022-07-01 00:00:00.000',NULL,'27db28f8-5ab8-4091-b94e-6f1b2d8e7ab0','2023-03-11 10:01:36.827'),
    (744,'HL Mountain Frame - Black, 44','FR-M94B-44','Black',699.0928,1349.60,44,1251.91,16,'2022-07-01 00:00:00.000',NULL,'cb443286-6b25-409f-a10b-1ad4eeb4bd4e','2023-03-11 10:01:36.827'),
    (745,'HL Mountain Frame - Black, 48','FR-M94B-48','Black',699.0928,1349.60,48,1270.05,16,'2022-07-01 00:00:00.000',NULL,'1fee0573-6676-432d-8d6d-41ba9faa5865','2023-03-11 10:01:36.827'),
    (746,'HL Mountain Frame - Black, 46','FR-M94B-46','Black',739.041,1349.60,46,1288.20,16,'2022-07-01 00:00:00.000',NULL,'50abebcb-451e-42b9-8dbb-e5c4a34470e9','2023-03-11 10:01:36.827'),
    (747,'HL Mountain Frame - Black, 38','FR-M94B-38','Black',739.041,1349.60,38,1215.62,16,'2022-07-01 00:00:00.000',NULL,'0c548577-3171-4ce2-b9a0-1ed526849de8','2023-03-11 10:01:36.827'),
    (748,'HL Mountain Frame - Silver, 38','FR-M94S-38','Silver',747.2023,1364.50,38,1215.62,16,'2022-07-01 00:00:00.000',NULL,'f246acaa-a80b-40ec-9208-02edef885129','2023-03-11 10:01:36.827'),
    (749,'Road-150 Red, 62','BK-R93R-62','Red',2171.2942,3578.27,62,6803.85,6,'2022-07-01 00:00:00.000',NULL,'bc621e1f-2553-4fdc-b22e-5e44a9003569','2023-03-11 10:01:36.827'),
    (750,'Road-150 Red, 44','BK-R93R-44','Red',2171.2942,3578.27,44,6245.93,6,'2022-07-01 00:00:00.000',NULL,'c19e1136-5da4-4b40-8758-54a85d7ea494','2023-03-11 10:01:36.827'),
    (751,'Road-150 Red, 48','BK-R93R-48','Red',2171.2942,3578.27,48,6409.23,6,'2022-07-01 00:00:00.000',NULL,'d10b7cc1-455e-435b-a08f-ec5b1c5776e9','2023-03-11 10:01:36.827'),
    (752,'Road-150 Red, 52','BK-R93R-52','Red',2171.2942,3578.27,52,6540.77,6,'2022-07-01 00:00:00.000',NULL,'5e085ba0-3cd5-487f-85bb-79ed1c701f23','2023-03-11 10:01:36.827'),
    (753,'Road-150 Red, 56','BK-R93R-56','Red',2171.2942,3578.27,56,6658.70,6,'2022-07-01 00:00:00.000',NULL,'30819b88-f0d3-4e7a-8105-19f6fac2cefb','2023-03-11 10:01:36.827'),
    (754,'Road-450 Red, 58','BK-R68R-58','Red',884.7083,1457.99,58,8069.37,6,'2022-07-01 00:00:00.000',NULL,'40d5effa-c0c4-479f-af66-5f1bf8ed3bfb','2023-03-11 10:01:36.827'),
    (755,'Road-450 Red, 60','BK-R68R-60','Red',884.7083,1457.99,60,8119.26,6,'2022-07-01 00:00:00.000',NULL,'181a90cb-3678-490e-8418-78f73fb5343d','2023-03-11 10:01:36.827'),
    (756,'Road-450 Red, 44','BK-R68R-44','Red',884.7083,1457.99,44,7606.70,6,'2022-07-01 00:00:00.000',NULL,'f8b5e26a-3d33-4e39-b500-cc21a133062e','2023-03-11 10:01:36.827'),
    (757,'Road-450 Red, 48','BK-R68R-48','Red',884.7083,1457.99,48,7770.00,6,'2022-07-01 00:00:00.000',NULL,'c72c9978-0b04-46b3-9de6-948feca1c86e','2023-03-11 10:01:36.827'),
    (758,'Road-450 Red, 52','BK-R68R-52','Red',884.7083,1457.99,52,7901.54,6,'2022-07-01 00:00:00.000',NULL,'040a4b7d-4060-4507-aa92-7508b434797e','2023-03-11 10:01:36.827'),
    (759,'Road-650 Red, 58','BK-R50R-58','Red',486.7066,782.99,58,8976.55,6,'2022-07-01 00:00:00.000',NULL,'6711d6bc-664f-4890-9f69-af1de321d055','2023-03-11 10:01:36.827'),
    (760,'Road-650 Red, 60','BK-R50R-60','Red',486.7066,782.99,60,9026.44,6,'2022-07-01 00:00:00.000',NULL,'664867e5-4ab3-4783-96f9-42efde92f49b','2023-03-11 10:01:36.827'),
    (761,'Road-650 Red, 62','BK-R50R-62','Red',486.7066,782.99,62,9071.80,6,'2022-07-01 00:00:00.000',NULL,'1da14e09-6d71-4e2a-9ee9-1bdfdfd8a109','2023-03-11 10:01:36.827'),
    (762,'Road-650 Red, 44','BK-R50R-44','Red',486.7066,782.99,44,8513.88,6,'2022-07-01 00:00:00.000',NULL,'f247aaae-12e3-4048-a37b-cce4a8999e81','2023-03-11 10:01:36.827'),
    (763,'Road-650 Red, 48','BK-R50R-48','Red',486.7066,782.99,48,8677.18,6,'2022-07-01 00:00:00.000',NULL,'3da5fa6e-9e0f-4896-ac10-948c27f4eb79','2023-03-11 10:01:36.827'),
    (764,'Road-650 Red, 52','BK-R50R-52','Red',486.7066,782.99,52,8808.72,6,'2022-07-01 00:00:00.000',NULL,'07cfe1ea-8a37-4d2a-835f-bc8d37e564af','2023-03-11 10:01:36.827'),
    (765,'Road-650 Black, 58','BK-R50B-58','Black',486.7066,782.99,58,8976.55,6,'2022-07-01 00:00:00.000',NULL,'74645b12-3ce9-49a6-bd96-2cd814b37420','2023-03-11 10:01:36.827'),
    (766,'Road-650 Black, 60','BK-R50B-60','Black',486.7066,782.99,60,9026.44,6,'2022-07-01 00:00:00.000',NULL,'a2db196d-6640-49ea-a84f-2e87ca6f50c6','2023-03-11 10:01:36.827'),
    (767,'Road-650 Black, 62','BK-R50B-62','Black',486.7066,782.99,62,9071.80,6,'2022-07-01 00:00:00.000',NULL,'c82a8309-63d3-4c0c-ad71-e91272397095','2023-03-11 10:01:36.827'),
    (768,'Road-650 Black, 44','BK-R50B-44','Black',486.7066,782.99,44,8513.88,6,'2022-07-01 00:00:00.000',NULL,'11d563ac-115c-4f0d-a1e5-e946eee8b38b','2023-03-11 10:01:36.827'),
    (769,'Road-650 Black, 48','BK-R50B-48','Black',486.7066,782.99,48,8677.18,6,'2022-07-01 00:00:00.000',NULL,'a7e2179e-137c-497e-a5e6-c9ea64935fb0','2023-03-11 10:01:36.827'),
    (770,'Road-650 Black, 52','BK-R50B-52','Black',486.7066,782.99,52,8808.72,6,'2022-07-01 00:00:00.000',NULL,'136e2865-e0da-4624-963a-31349279ab1a','2023-03-11 10:01:36.827'),
    (771,'Mountain-100 Silver, 38','BK-M82S-38','Silver',1912.1544,3399.99,38,9230.56,5,'2022-07-01 00:00:00.000',NULL,'ca74b54e-fc30-4464-8b83-019bfd1b2dbb','2023-03-11 10:01:36.827'),
    (772,'Mountain-100 Silver, 42','BK-M82S-42','Silver',1912.1544,3399.99,42,9421.06,5,'2022-07-01 00:00:00.000',NULL,'bbfff5a5-4bdc-49a9-a5ad-7584adffe808','2023-03-11 10:01:36.827'),
    (773,'Mountain-100 Silver, 44','BK-M82S-44','Silver',1912.1544,3399.99,44,9584.36,5,'2022-07-01 00:00:00.000',NULL,'155fd77e-d6d6-43f0-8a5b-4a8305eb45cd','2023-03-11 10:01:36.827'),
    (774,'Mountain-100 Silver, 48','BK-M82S-48','Silver',1912.1544,3399.99,48,9715.90,5,'2022-07-01 00:00:00.000',NULL,'ba5551df-c9ee-4b43-b3ca-8c19d0f9384d','2023-03-11 10:01:36.827'),
    (775,'Mountain-100 Black, 38','BK-M82B-38','Black',1898.0944,3374.99,38,9230.56,5,'2022-07-01 00:00:00.000',NULL,'dea33347-fcd3-4346-aa0f-068cd6b3ad06','2023-03-11 10:01:36.827'),
    (776,'Mountain-100 Black, 42','BK-M82B-42','Black',1898.0944,3374.99,42,9421.06,5,'2022-07-01 00:00:00.000',NULL,'02935111-a546-4c6d-941f-be12d42c158e','2023-03-11 10:01:36.827'),
    (777,'Mountain-100 Black, 44','BK-M82B-44','Black',1898.0944,3374.99,44,9584.36,5,'2022-07-01 00:00:00.000',NULL,'7920bc3b-8fd4-4610-93d2-e693a66b6474','2023-03-11 10:01:36.827'),
    (778,'Mountain-100 Black, 48','BK-M82B-48','Black',1898.0944,3374.99,48,9715.90,5,'2022-07-01 00:00:00.000',NULL,'1b486300-7e64-4c5d-a9ba-a8368e20c5a0','2023-03-11 10:01:36.827'),
    (779,'Mountain-200 Silver, 38','BK-M68S-38','Silver',1265.6195,2319.99,38,10591.33,5,'2022-07-01 00:00:00.000',NULL,'3a45d835-abae-4806-ac03-c53abcd3b974','2023-03-11 10:01:36.827'),
    (780,'Mountain-200 Silver, 42','BK-M68S-42','Silver',1265.6195,2319.99,42,10781.83,5,'2022-07-01 00:00:00.000',NULL,'ce4849b4-56e6-4b50-808b-9bde67cc4704','2023-03-11 10:01:36.827'),
    (781,'Mountain-200 Silver, 46','BK-M68S-46','Silver',1265.6195,2319.99,46,10945.13,5,'2022-07-01 00:00:00.000',NULL,'20799030-420c-496a-9922-09189c2b457e','2023-03-11 10:01:36.827'),
    (782,'Mountain-200 Black, 38','BK-M68B-38','Black',1251.9813,2294.99,38,10591.33,5,'2022-07-01 00:00:00.000',NULL,'82cb8f9b-b8bb-4841-98d3-bcdb807c4dd8','2023-03-11 10:01:36.827'),
    (783,'Mountain-200 Black, 42','BK-M68B-42','Black',1251.9813,2294.99,42,10781.83,5,'2022-07-01 00:00:00.000',NULL,'2b0af5b9-7571-4621-b760-47df599f9650','2023-03-11 10:01:36.827'),
    (784,'Mountain-200 Black, 46','BK-M68B-46','Black',1251.9813,2294.99,46,10945.13,5,'2022-07-01 00:00:00.000',NULL,'33f42284-e216-4b98-ba48-b4ee18a01fa0','2023-03-11 10:01:36.827'),
    (785,'Mountain-300 Black, 38','BK-M47B-38','Black',598.4354,1079.99,38,11498.51,5,'2022-07-01 00:00:00.000',NULL,'f06c2cbf-0901-4c08-80ed-fb4e87171b3b','2023-03-11 10:01:36.827'),
    (786,'Mountain-300 Black, 40','BK-M47B-40','Black',598.4354,1079.99,40,11689.01,5,'2022-07-01 00:00:00.000',NULL,'580d4322-be03-4c91-83d2-ee33ec6008ab','2023-03-11 10:01:36.827'),
    (787,'Mountain-300 Black, 44','BK-M47B-44','Black',598.4354,1079.99,44,11852.31,5,'2022-07-01 00:00:00.000',NULL,'07c2a548-0452-47b4-9dce-6edb0a30c85e','2023-03-11 10:01:36.827'),
    (788,'Mountain-300 Black, 48','BK-M47B-48','Black',598.4354,1079.99,48,11983.85,5,'2022-07-01 00:00:00.000',NULL,'16078dbe-388d-4c18-aa8f-0c8f48035468','2023-03-11 10:01:36.827'),
    (789,'Road-250 Red, 44','BK-R89R-44','Red',1518.7864,2443.35,44,6699.52,6,'2022-07-01 00:00:00.000',NULL,'0aa71ad6-afaf-43c6-9745-35d815b50a5b','2023-03-11 10:01:36.827'),
    (790,'Road-250 Red, 48','BK-R89R-48','Red',1518.7864,2443.35,48,6862.82,6,'2022-07-01 00:00:00.000',NULL,'115ddade-70e3-43f9-80dc-638daea271c4','2023-03-11 10:01:36.827'),
    (791,'Road-250 Red, 52','BK-R89R-52','Red',1518.7864,2443.35,52,6994.36,6,'2022-07-01 00:00:00.000',NULL,'c9fd1df4-9512-420a-b379-067108033b75','2023-03-11 10:01:36.827'),
    (792,'Road-250 Red, 58','BK-R89R-58','Red',1554.9479,2443.35,58,7162.19,6,'2022-07-01 00:00:00.000',NULL,'df629c11-8d8b-4774-9d52-ecb64dc95212','2023-03-11 10:01:36.827'),
    (793,'Road-250 Black, 44','BK-R89B-44','Black',1554.9479,2443.35,44,6699.52,6,'2022-07-01 00:00:00.000',NULL,'1ff419b5-52af-4f7e-aeae-4fec5e99de35','2023-03-11 10:01:36.827'),
    (794,'Road-250 Black, 48','BK-R89B-48','Black',1554.9479,2443.35,48,6862.82,6,'2022-07-01 00:00:00.000',NULL,'9d165ddf-8f5d-41c7-9bb8-13f41a3d1f62','2023-03-11 10:01:36.827'),
    (795,'Road-250 Black, 52','BK-R89B-52','Black',1554.9479,2443.35,52,6994.36,6,'2022-07-01 00:00:00.000',NULL,'74fe3957-cbc3-450a-ab92-849bd13530e2','2023-03-11 10:01:36.827'),
    (796,'Road-250 Black, 58','BK-R89B-58','Black',1554.9479,2443.35,58,7112.29,6,'2022-07-01 00:00:00.000',NULL,'1c530fe8-a169-4adc-b3dc-b11a48245e63','2023-03-11 10:01:36.827'),
    (797,'Road-550-W Yellow, 38','BK-R64Y-38','Yellow',713.0798,1120.49,38,7869.79,6,'2022-07-01 00:00:00.000',NULL,'aad81532-a572-49a5-83c3-dfa9e3b4fea6','2023-03-11 10:01:36.827'),
    (798,'Road-550-W Yellow, 40','BK-R64Y-40','Yellow',713.0798,1120.49,40,8060.29,6,'2022-07-01 00:00:00.000',NULL,'a35a1c35-c128-4697-951e-4199062e78f3','2023-03-11 10:01:36.827'),
    (799,'Road-550-W Yellow, 42','BK-R64Y-42','Yellow',713.0798,1120.49,42,8223.59,6,'2022-07-01 00:00:00.000',NULL,'a359ab09-16f2-4726-a60f-0dfdb1c9527e','2023-03-11 10:01:36.827'),
    (800,'Road-550-W Yellow, 44','BK-R64Y-44','Yellow',713.0798,1120.49,44,8355.13,6,'2022-07-01 00:00:00.000',NULL,'0a7028fb-ff06-4d38-aaa1-b64816278165','2023-03-11 10:01:36.827'),
    (801,'Road-550-W Yellow, 48','BK-R64Y-48','Yellow',713.0798,1120.49,48,8473.06,6,'2022-07-01 00:00:00.000',NULL,'c90cc877-804c-4ce7-afc3-4c8791a13dfb','2023-03-11 10:01:36.827'),
    (814,'ML Mountain Frame - Black, 38','FR-M63B-38','Black',185.8193,348.76,38,1238.30,16,'2022-07-01 00:00:00.000',NULL,'0d879312-a7d3-441d-9d23-b6550bab3814','2023-03-11 10:01:36.827'),
    (815,'LL Mountain Front Wheel','FW-M423','Black',26.9708,60.745,NULL,NULL,21,'2022-07-01 00:00:00.000',NULL,'d7b1d161-182e-44f6-a9ff-9c1eba76613b','2023-03-11 10:01:36.827'),
    (816,'ML Mountain Front Wheel','FW-M762','Black',92.8071,209.025,NULL,NULL,21,'2022-07-01 00:00:00.000',NULL,'5e3e5033-9a77-4dca-8b7f-dfed78efa08a','2023-03-11 10:01:36.827'),
    (817,'HL Mountain Front Wheel','FW-M928','Black',133.2955,300.215,NULL,NULL,21,'2022-07-01 00:00:00.000',NULL,'3c8ffff6-a8dc-45a3-963b-a6284ced7596','2023-03-11 10:01:36.827'),
    (818,'LL Road Front Wheel','FW-R623','Black',37.9909,85.565,NULL,900.00,21,'2022-07-01 00:00:00.000',NULL,'9e66de78-decb-438a-b9a9-023c773c60a2','2023-03-11 10:01:36.827'),
    (819,'ML Road Front Wheel','FW-R762','Black',110.2829,248.385,NULL,850.00,21,'2022-07-01 00:00:00.000',NULL,'6ea94fbf-b9aa-43fc-84e8-91d508dde751','2023-03-11 10:01:36.827'),
    (820,'HL Road Front Wheel','FW-R820','Black',146.5466,330.06,NULL,650.00,21,'2022-07-01 00:00:00.000',NULL,'727a3cd5-8d40-4884-a7e4-dfd3ffdeb164','2023-03-11 10:01:36.827'),
    (821,'Touring Front Wheel','FW-T905','Black',96.7964,218.01,NULL,NULL,21,'2022-07-01 00:00:00.000',NULL,'8d1cdb07-4fa1-4ac1-840f-a16c3dca5009','2023-03-11 10:01:36.827'),
    (822,'ML Road Frame-W - Yellow, 38','FR-R72Y-38','Yellow',360.9428,594.83,38,988.83,18,'2022-07-01 00:00:00.000',NULL,'22976fa7-0ad0-40f9-b4f9-ba10279ea1a3','2023-03-11 10:01:36.827'),
    (823,'LL Mountain Rear Wheel','RW-M423','Black',38.9588,87.745,NULL,NULL,21,'2022-07-01 00:00:00.000',NULL,'e6c39f58-995f-4786-a309-df3812d8b30f','2023-03-11 10:01:36.827'),
    (824,'ML Mountain Rear Wheel','RW-M762','Black',104.7951,236.025,NULL,NULL,21,'2022-07-01 00:00:00.000',NULL,'b2f7cf9b-a7bf-49ab-9cca-9f6e791cd693','2023-03-11 10:01:36.827'),
    (825,'HL Mountain Rear Wheel','RW-M928','Black',145.2835,327.215,NULL,NULL,21,'2022-07-01 00:00:00.000',NULL,'35d02edc-1120-41fb-b5df-8655a93b3353','2023-03-11 10:01:36.827'),
    (826,'LL Road Rear Wheel','RW-R623','Black',49.9789,112.565,NULL,1050.00,21,'2022-07-01 00:00:00.000',NULL,'78d01117-8dcd-465f-9dc7-94a2cdc35582','2023-03-11 10:01:36.827'),
    (827,'ML Road Rear Wheel','RW-R762','Black',122.2709,275.385,NULL,1000.00,21,'2022-07-01 00:00:00.000',NULL,'cf739f9a-0af0-4810-b229-c431a31d7779','2023-03-11 10:01:36.827'),
    (828,'HL Road Rear Wheel','RW-R820','Black',158.5346,357.06,NULL,890.00,21,'2022-07-01 00:00:00.000',NULL,'8f262a37-43aa-4ad5-ae1f-8bd6967d8e9b','2023-03-11 10:01:36.827'),
    (829,'Touring Rear Wheel','RW-T905','Black',108.7844,245.01,NULL,NULL,21,'2022-07-01 00:00:00.000',NULL,'30d2254d-e26d-4586-b4c5-e8ccb8a059b8','2023-03-11 10:01:36.827'),
    (830,'ML Mountain Frame - Black, 40','FR-M63B-40','Black',185.8193,348.76,40,1256.44,16,'2022-07-01 00:00:00.000',NULL,'aed1c9c4-c139-45d2-b38e-0a0a9f518665','2023-03-11 10:01:36.827'),
    (831,'ML Mountain Frame - Black, 44','FR-M63B-44','Black',185.8193,348.76,44,1274.59,16,'2022-07-01 00:00:00.000',NULL,'3f2135d4-ec5f-4e30-bde8-5444518f0637','2023-03-11 10:01:36.827'),
    (832,'ML Mountain Frame - Black, 48','FR-M63B-48','Black',185.8193,348.76,48,1292.73,16,'2022-07-01 00:00:00.000',NULL,'c2009b69-f15a-47ec-b710-1809d299318a','2023-03-11 10:01:36.827'),
    (833,'ML Road Frame-W - Yellow, 40','FR-R72Y-40','Yellow',360.9428,594.83,40,1006.97,18,'2022-07-01 00:00:00.000',NULL,'22df26f2-60bc-493e-a14a-5500633e9f7e','2023-03-11 10:01:36.827'),
    (834,'ML Road Frame-W - Yellow, 42','FR-R72Y-42','Yellow',360.9428,594.83,42,1025.11,18,'2022-07-01 00:00:00.000',NULL,'207b54da-5404-415d-8578-9a45082e3bf1','2023-03-11 10:01:36.827'),
    (835,'ML Road Frame-W - Yellow, 44','FR-R72Y-44','Yellow',360.9428,594.83,44,1043.26,18,'2022-07-01 00:00:00.000',NULL,'a0fad492-ac24-4fcf-8d2a-d21d06386ae1','2023-03-11 10:01:36.827'),
    (836,'ML Road Frame-W - Yellow, 48','FR-R72Y-48','Yellow',360.9428,594.83,48,1061.40,18,'2022-07-01 00:00:00.000',NULL,'8487bfe0-2138-471e-9c6d-fdb3a67e7d86','2023-03-11 10:01:36.827'),
    (837,'HL Road Frame - Black, 62','FR-R92B-62','Black',868.6342,1431.50,62,1043.26,18,'2022-07-01 00:00:00.000',NULL,'5dce9c8c-fb94-46f8-b826-11658f6a3682','2023-03-11 10:01:36.827'),
    (838,'HL Road Frame - Black, 44','FR-R92B-44','Black',868.6342,1431.50,44,961.61,18,'2022-07-01 00:00:00.000',NULL,'e4902656-a4bc-4b08-9d47-4f3da0fd76c3','2023-03-11 10:01:36.827'),
    (839,'HL Road Frame - Black, 48','FR-R92B-48','Black',868.6342,1431.50,48,979.75,18,'2022-07-01 00:00:00.000',NULL,'557b603b-407b-41a4-ae34-4f7747866dba','2023-03-11 10:01:36.827'),
    (840,'HL Road Frame - Black, 52','FR-R92B-52','Black',868.6342,1431.50,52,997.90,18,'2022-07-01 00:00:00.000',NULL,'0ed082b3-fbba-43af-9149-8741b9fc78c8','2023-03-11 10:01:36.827'),
    (880,'Hydration Pack - 70 oz.','HY-1023-70','Silver',20.5663,54.99,70,NULL,36,'2021-07-01 00:00:00.000',NULL,'a99d90c0-05e2-4e44-ad90-c55c9f0784de','2023-03-11 10:01:36.827'),
    (885,'HL Touring Frame - Yellow, 60','FR-T98Y-60','Yellow',601.7437,1003.91,60,1397.06,20,'2021-07-01 00:00:00.000',NULL,'c49679bd-96a9-4176-a7ed-5bc6d6444647','2023-03-11 10:01:36.827'),
    (886,'LL Touring Frame - Yellow, 62','FR-T67Y-62','Yellow',199.8519,333.42,62,1451.49,20,'2021-07-01 00:00:00.000',NULL,'8d4d52a6-8abc-4c05-be4d-c067faf1a64e','2023-03-11 10:01:36.827'),
    (887,'HL Touring Frame - Yellow, 46','FR-T98Y-46','Yellow',601.7437,1003.91,46,1342.63,20,'2021-07-01 00:00:00.000',NULL,'137675a7-34cd-4b7a-abe1-4e0eeb79b65d','2023-03-11 10:01:36.827'),
    (888,'HL Touring Frame - Yellow, 50','FR-T98Y-50','Yellow',601.7437,1003.91,50,1360.77,20,'2021-07-01 00:00:00.000',NULL,'105ec6e5-30c5-4fe3-a08b-cb324c85323d','2023-03-11 10:01:36.827'),
    (889,'HL Touring Frame - Yellow, 54','FR-T98Y-54','Yellow',601.7437,1003.91,54,1378.91,20,'2021-07-01 00:00:00.000',NULL,'12b1f317-c39b-48d0-b1a7-8018c60aea53','2023-03-11 10:01:36.827'),
    (890,'HL Touring Frame - Blue, 46','FR-T98U-46','Blue',601.7437,1003.91,46,1342.63,20,'2021-07-01 00:00:00.000',NULL,'8bbd3437-a58b-41a0-9503-fc14b23e7678','2023-03-11 10:01:36.827'),
    (891,'HL Touring Frame - Blue, 50','FR-T98U-50','Blue',601.7437,1003.91,50,1360.77,20,'2021-07-01 00:00:00.000',NULL,'c4244f0c-abce-451b-a895-83c0e6d1f448','2023-03-11 10:01:36.827'),
    (892,'HL Touring Frame - Blue, 54','FR-T98U-54','Blue',601.7437,1003.91,54,1378.91,20,'2021-07-01 00:00:00.000',NULL,'e9aae947-6bc3-4909-8937-3e1cdcec8a8f','2023-03-11 10:01:36.827'),
    (893,'HL Touring Frame - Blue, 60','FR-T98U-60','Blue',601.7437,1003.91,60,1397.06,20,'2021-07-01 00:00:00.000',NULL,'b01951a4-a581-4d10-9dc2-515da180f1b8','2023-03-11 10:01:36.827'),
    (894,'Rear Derailleur','RD-2308','Silver',53.9282,121.46,NULL,215.00,13,'2021-07-01 00:00:00.000',NULL,'5ebfcf02-4e3e-443a-ad60-5aeef28dac76','2023-03-11 10:01:36.827'),
    (895,'LL Touring Frame - Blue, 50','FR-T67U-50','Blue',199.8519,333.42,50,1406.13,20,'2021-07-01 00:00:00.000',NULL,'b78eccca-fa88-4071-9110-410585127e46','2023-03-11 10:01:36.827'),
    (896,'LL Touring Frame - Blue, 54','FR-T67U-54','Blue',199.8519,333.42,54,1424.27,20,'2021-07-01 00:00:00.000',NULL,'0ff799c9-dd11-4b81-aaf7-65410017405b','2023-03-11 10:01:36.827'),
    (897,'LL Touring Frame - Blue, 58','FR-T67U-58','Blue',199.8519,333.42,58,1433.34,20,'2021-07-01 00:00:00.000',NULL,'ccd4fa47-7194-4bd0-909b-1fa4bd7916a7','2023-03-11 10:01:36.827'),
    (898,'LL Touring Frame - Blue, 62','FR-T67U-62','Blue',199.8519,333.42,62,1451.49,20,'2021-07-01 00:00:00.000',NULL,'08a211a5-dcd2-42d0-9276-64d92d4890a6','2023-03-11 10:01:36.827'),
    (899,'LL Touring Frame - Yellow, 44','FR-T67Y-44','Yellow',199.8519,333.42,44,1369.84,20,'2021-07-01 00:00:00.000',NULL,'109cb7bc-6ec6-4a36-85c8-55b843b2ab12','2023-03-11 10:01:36.827'),
    (900,'LL Touring Frame - Yellow, 50','FR-T67Y-50','Yellow',199.8519,333.42,50,1406.13,20,'2021-07-01 00:00:00.000',NULL,'285fd682-c647-49d1-b8f3-368a43c9cda0','2023-03-11 10:01:36.827'),
    (901,'LL Touring Frame - Yellow, 54','FR-T67Y-54','Yellow',199.8519,333.42,54,1424.27,20,'2021-07-01 00:00:00.000',NULL,'2536e3b2-d4da-49e6-965a-f612c2c8914f','2023-03-11 10:01:36.827'),
    (902,'LL Touring Frame - Yellow, 58','FR-T67Y-58','Yellow',199.8519,333.42,58,1433.34,20,'2021-07-01 00:00:00.000',NULL,'5d17ff1c-f50e-438f-a4e9-7c400fb762e7','2023-03-11 10:01:36.827'),
    (903,'LL Touring Frame - Blue, 44','FR-T67U-44','Blue',199.8519,333.42,44,1369.84,20,'2021-07-01 00:00:00.000',NULL,'e9c17be7-f4dc-465e-ab73-c0198f37bfdd','2023-03-11 10:01:36.827'),
    (904,'ML Mountain Frame-W - Silver, 40','FR-M63S-40','Silver',199.3757,364.09,40,1256.44,16,'2021-07-01 00:00:00.000',NULL,'a7dde43e-f7d5-4075-a0c1-c866ad7aa154','2023-03-11 10:01:36.827'),
    (905,'ML Mountain Frame-W - Silver, 42','FR-M63S-42','Silver',199.3757,364.09,42,1274.59,16,'2021-07-01 00:00:00.000',NULL,'d4a2fcad-1e63-4ebd-863c-5a7c48d5b8d9','2023-03-11 10:01:36.827'),
    (906,'ML Mountain Frame-W - Silver, 46','FR-M63S-46','Silver',199.3757,364.09,46,1292.73,16,'2021-07-01 00:00:00.000',NULL,'82025c63-7b28-412d-92c1-408e0e6ae646','2023-03-11 10:01:36.827'),
    (907,'Rear Brakes','RB-9231','Silver',47.286,106.50,NULL,317.00,10,'2021-07-01 00:00:00.000',NULL,'5946f163-93f0-4141-b17e-55d9778cc274','2023-03-11 10:01:36.827'),
    (917,'LL Mountain Frame - Silver, 42','FR-M21S-42','Silver',144.5938,264.05,42,1324.48,16,'2021-07-01 00:00:00.000',NULL,'37bd4d2b-346b-4c6b-8f3f-85c084282529','2023-03-11 10:01:36.827'),
    (918,'LL Mountain Frame - Silver, 44','FR-M21S-44','Silver',144.5938,264.05,44,1342.63,16,'2021-07-01 00:00:00.000',NULL,'393a4d00-7428-41f0-a48a-af26b00e9a9c','2023-03-11 10:01:36.827'),
    (919,'LL Mountain Frame - Silver, 48','FR-M21S-48','Silver',144.5938,264.05,48,1360.77,16,'2021-07-01 00:00:00.000',NULL,'8dfef6f2-91a8-4884-8949-b2551218b37a','2023-03-11 10:01:36.827'),
    (920,'LL Mountain Frame - Silver, 52','FR-M21S-52','Silver',144.5938,264.05,52,1378.91,16,'2021-07-01 00:00:00.000',NULL,'f230baac-5951-4eb1-b1e8-94c2ca2b37fa','2023-03-11 10:01:36.827'),
    (924,'LL Mountain Frame - Black, 42','FR-M21B-42','Black',136.785,249.79,42,1324.48,16,'2021-07-01 00:00:00.000',NULL,'faabd7fb-cb35-4bad-8857-ec71468686ad','2023-03-11 10:01:36.827'),
    (925,'LL Mountain Frame - Black, 44','FR-M21B-44','Black',136.785,249.79,44,1342.63,16,'2021-07-01 00:00:00.000',NULL,'47ab0300-7b55-4d35-a786-80190976b9b5','2023-03-11 10:01:36.827'),
    (926,'LL Mountain Frame - Black, 48','FR-M21B-48','Black',136.785,249.79,48,1360.77,16,'2021-07-01 00:00:00.000',NULL,'408435aa-15c0-41e5-981f-32a8226af15f','2023-03-11 10:01:36.827'),
    (927,'LL Mountain Frame - Black, 52','FR-M21B-52','Black',136.785,249.79,52,1378.91,16,'2021-07-01 00:00:00.000',NULL,'4800f4e6-99ea-4afd-a392-2cb05265d0d4','2023-03-11 10:01:36.827'),
    (935,'LL Mountain Pedal','PD-M282','Silver/Black',17.9776,40.49,NULL,218.00,17,'2021-07-01 00:00:00.000',NULL,'9fdd0c65-b2b0-4c6c-8704-3a9747be5174','2023-03-11 10:01:36.827'),
    (936,'ML Mountain Pedal','PD-M340','Silver/Black',27.568,62.09,NULL,215.00,17,'2021-07-01 00:00:00.000',NULL,'274c86dc-439e-4469-9de8-7e9bd6455d0d','2023-03-11 10:01:36.827'),
    (937,'HL Mountain Pedal','PD-M562','Silver/Black',35.9596,80.99,NULL,185.00,17,'2021-07-01 00:00:00.000',NULL,'a05464e8-6b4d-42b3-a4d6-8683136f4b66','2023-03-11 10:01:36.827'),
    (938,'LL Road Pedal','PD-R347','Silver/Black',17.9776,40.49,NULL,189.00,17,'2021-07-01 00:00:00.000',NULL,'2c7dd8c3-4c55-475f-ba58-f4baca520d72','2023-03-11 10:01:36.827'),
    (939,'ML Road Pedal','PD-R563','Silver/Black',27.568,62.09,NULL,168.00,17,'2021-07-01 00:00:00.000',NULL,'216ad46f-bc3f-4862-b0e9-2e261e5a6059','2023-03-11 10:01:36.827'),
    (940,'HL Road Pedal','PD-R853','Silver/Black',35.9596,80.99,NULL,149.00,17,'2021-07-01 00:00:00.000',NULL,'44e96967-ab99-41ed-8b41-5bc70a5ca1a9','2023-03-11 10:03:55.510'),
    (941,'Touring Pedal','PD-T852','Silver/Black',35.9596,80.99,NULL,NULL,17,'2021-07-01 00:00:00.000',NULL,'6967c816-3ebb-45fa-8547-cef00e08573e','2023-03-11 10:01:36.827'),
    (942,'ML Mountain Frame-W - Silver, 38','FR-M63S-38','Silver',199.3757,364.09,38,1238.30,16,'2021-07-01 00:00:00.000',NULL,'ba3646b0-1487-426e-ab4e-57d42e6f9233','2023-03-11 10:01:36.827'),
    (943,'LL Mountain Frame - Black, 40','FR-M21B-40','Black',136.785,249.79,40,1306.34,16,'2021-07-01 00:00:00.000',NULL,'3050e4df-2bba-4c2b-bdcc-b4c89972db1c','2023-03-11 10:01:36.827'),
    (944,'LL Mountain Frame - Silver, 40','FR-M21S-40','Silver',144.5938,264.05,40,1306.34,16,'2021-07-01 00:00:00.000',NULL,'756f862e-40cc-4dfc-b189-716d0dda5ff9','2023-03-11 10:01:36.827'),
    (945,'Front Derailleur','FD-2342','Silver',40.6216,91.49,NULL,88.00,13,'2021-07-01 00:00:00.000',NULL,'448e9e7b-9548-4a4c-abb3-853686aa7517','2023-03-11 10:01:36.827'),
    (948,'Front Brakes','FB-9873','Silver',47.286,106.50,NULL,317.00,10,'2021-07-01 00:00:00.000',NULL,'c1813164-1b4b-42d1-9007-4e5f9aee0e19','2023-03-11 10:01:36.827'),
    (949,'LL Crankset','CS-4759','Black',77.9176,175.49,NULL,600.00,12,'2021-07-01 00:00:00.000',NULL,'41d47371-4374-46d3-8d61-b07616ec54f0','2023-03-11 10:01:36.827'),
    (950,'ML Crankset','CS-6583','Black',113.8816,256.49,NULL,635.00,12,'2021-07-01 00:00:00.000',NULL,'d3a7a02c-a3d5-4a04-9454-0c4e43772b78','2023-03-11 10:01:36.827'),
    (951,'HL Crankset','CS-9183','Black',179.8156,404.99,NULL,575.00,12,'2021-07-01 00:00:00.000',NULL,'2c4a8956-7b72-48fe-b028-699e117b1daa','2023-03-11 10:01:36.827'),
    (952,'Chain','CH-0234','Silver',8.9866,20.24,NULL,NULL,11,'2021-07-01 00:00:00.000',NULL,'5d27e2a5-27ec-4ccb-ba2c-fc980ffe6708','2023-03-11 10:01:36.827'),
    (953,'Touring-2000 Blue, 60','BK-T44U-60','Blue',755.1508,1214.85,60,12655.16,7,'2021-07-01 00:00:00.000',NULL,'f1bb3957-8d27-47f3-91ec-c71822d11436','2023-03-11 10:01:36.827'),
    (954,'Touring-1000 Yellow, 46','BK-T79Y-46','Yellow',1481.9379,2384.07,46,11398.72,7,'2021-07-01 00:00:00.000',NULL,'83b77413-8c8a-4af1-93e4-136edb7ff15f','2023-03-11 10:01:36.827'),
    (955,'Touring-1000 Yellow, 50','BK-T79Y-50','Yellow',1481.9379,2384.07,50,11530.26,7,'2021-07-01 00:00:00.000',NULL,'5ec991ad-8761-4a61-a318-312df3a78604','2023-03-11 10:01:36.827'),
    (956,'Touring-1000 Yellow, 54','BK-T79Y-54','Yellow',1481.9379,2384.07,54,11648.19,7,'2021-07-01 00:00:00.000',NULL,'1220b0f0-064d-46b7-8507-1fa758b77b9c','2023-03-11 10:01:36.827'),
    (957,'Touring-1000 Yellow, 60','BK-T79Y-60','Yellow',1481.9379,2384.07,60,11747.98,7,'2021-07-01 00:00:00.000',NULL,'bcd1a5a9-6140-4dc9-9620-689dc7e4c155','2023-03-11 10:01:36.827'),
    (958,'Touring-3000 Blue, 54','BK-T18U-54','Blue',461.4448,742.35,54,13462.55,7,'2021-07-01 00:00:00.000',NULL,'a3ee6897-52fe-42e4-92ec-7a91e7bb905a','2023-03-11 10:01:36.827'),
    (959,'Touring-3000 Blue, 58','BK-T18U-58','Blue',461.4448,742.35,58,13562.34,7,'2021-07-01 00:00:00.000',NULL,'23d89cee-9f44-4f3e-b289-63de6ba2b737','2023-03-11 10:01:36.827'),
    (960,'Touring-3000 Blue, 62','BK-T18U-62','Blue',461.4448,742.35,62,13607.70,7,'2021-07-01 00:00:00.000',NULL,'060192c9-bcd9-4260-b729-d6bcfadfb08e','2023-03-11 10:01:36.827'),
    (961,'Touring-3000 Yellow, 44','BK-T18Y-44','Yellow',461.4448,742.35,44,13049.78,7,'2021-07-01 00:00:00.000',NULL,'5646c15a-68ad-4234-b328-254706cbccc5','2023-03-11 10:01:36.827'),
    (962,'Touring-3000 Yellow, 50','BK-T18Y-50','Yellow',461.4448,742.35,50,13213.08,7,'2021-07-01 00:00:00.000',NULL,'df85e805-af87-4fab-a668-c80f2a5b8a69','2023-03-11 10:01:36.827'),
    (963,'Touring-3000 Yellow, 54','BK-T18Y-54','Yellow',461.4448,742.35,54,13344.62,7,'2021-07-01 00:00:00.000',NULL,'192becd1-f465-4194-88a2-ee57fed3a3c5','2023-03-11 10:01:36.827'),
    (964,'Touring-3000 Yellow, 58','BK-T18Y-58','Yellow',461.4448,742.35,58,13512.45,7,'2021-07-01 00:00:00.000',NULL,'bed79f64-a53d-44a3-ace8-2baa425a5a54','2023-03-11 10:01:36.827'),
    (965,'Touring-3000 Yellow, 62','BK-T18Y-62','Yellow',461.4448,742.35,62,13607.70,7,'2021-07-01 00:00:00.000',NULL,'d28b3872-5173-40a4-b12f-655524386cc7','2023-03-11 10:01:36.827'),
    (966,'Touring-1000 Blue, 46','BK-T79U-46','Blue',1481.9379,2384.07,46,11398.72,7,'2021-07-01 00:00:00.000',NULL,'86990d54-6efb-4c53-9974-6c3b0297e222','2023-03-11 10:01:36.827'),
    (967,'Touring-1000 Blue, 50','BK-T79U-50','Blue',1481.9379,2384.07,50,11530.26,7,'2021-07-01 00:00:00.000',NULL,'68c0a818-2985-46eb-8255-0fb70919fa24','2023-03-11 10:01:36.827'),
    (968,'Touring-1000 Blue, 54','BK-T79U-54','Blue',1481.9379,2384.07,54,11648.19,7,'2021-07-01 00:00:00.000',NULL,'12280a8c-7578-4367-ba71-214bcc1e4792','2023-03-11 10:01:36.827'),
    (969,'Touring-1000 Blue, 60','BK-T79U-60','Blue',1481.9379,2384.07,60,11747.98,7,'2021-07-01 00:00:00.000',NULL,'dd70cf36-449a-43fd-839d-a84ee14c849a','2023-03-11 10:01:36.827'),
    (970,'Touring-2000 Blue, 46','BK-T44U-46','Blue',755.1508,1214.85,46,12305.90,7,'2021-07-01 00:00:00.000',NULL,'c0009006-715f-4b76-a05a-1a0d3adfb49a','2023-03-11 10:01:36.827'),
    (971,'Touring-2000 Blue, 50','BK-T44U-50','Blue',755.1508,1214.85,50,12437.44,7,'2021-07-01 00:00:00.000',NULL,'84abda8f-0007-4bca-9a61-b2dea58866c3','2023-03-11 10:01:36.827'),
    (972,'Touring-2000 Blue, 54','BK-T44U-54','Blue',755.1508,1214.85,54,12555.37,7,'2021-07-01 00:00:00.000',NULL,'6dcfe2a3-3555-44e4-9116-6f6dbe448b8b','2023-03-11 10:01:36.827'),
    (973,'Road-350-W Yellow, 40','BK-R79Y-40','Yellow',1082.51,1700.99,40,6962.61,6,'2021-07-01 00:00:00.000',NULL,'237b16d9-53f2-4fd4-befe-48209e57aec3','2023-03-11 10:01:36.827'),
    (974,'Road-350-W Yellow, 42','BK-R79Y-42','Yellow',1082.51,1700.99,42,7153.11,6,'2021-07-01 00:00:00.000',NULL,'80bd3f8b-42c7-43d8-91f5-9fb6175287af','2023-03-11 10:01:36.827'),
    (975,'Road-350-W Yellow, 44','BK-R79Y-44','Yellow',1082.51,1700.99,44,7316.41,6,'2021-07-01 00:00:00.000',NULL,'0c61e8af-003d-4e4b-b5b7-02f01a26be26','2023-03-11 10:01:36.827'),
    (976,'Road-350-W Yellow, 48','BK-R79Y-48','Yellow',1082.51,1700.99,48,7447.95,6,'2021-07-01 00:00:00.000',NULL,'ec4284dc-85fa-44a8-89ec-77fc9b71720a','2023-03-11 10:01:36.827'),
    (977,'Road-750 Black, 58','BK-R19B-58','Black',343.6496,539.99,58,9430.14,6,'2021-07-01 00:00:00.000',NULL,'87b81a1a-a5b5-43d2-a20d-0230800490b9','2023-03-11 10:01:36.827'),
    (978,'Touring-3000 Blue, 44','BK-T18U-44','Blue',461.4448,742.35,44,13049.78,7,'2021-07-01 00:00:00.000',NULL,'4f638e15-2ed0-4193-90ce-47da580e01dd','2023-03-11 10:01:36.827'),
    (979,'Touring-3000 Blue, 50','BK-T18U-50','Blue',461.4448,742.35,50,13213.08,7,'2021-07-01 00:00:00.000',NULL,'de305b62-88fc-465b-b23d-d8c0f7e6d361','2023-03-11 10:01:36.827'),
    (980,'Mountain-400-W Silver, 38','BK-M38S-38','Silver',419.7784,769.49,38,11952.10,5,'2021-07-01 00:00:00.000',NULL,'7a927632-99a4-4f24-adce-0062d2d113d9','2023-03-11 10:01:36.827'),
    (981,'Mountain-400-W Silver, 40','BK-M38S-40','Silver',419.7784,769.49,40,12142.60,5,'2021-07-01 00:00:00.000',NULL,'0a72791c-a984-4733-ae4e-2b4373cfd7cd','2023-03-11 10:01:36.827'),
    (982,'Mountain-400-W Silver, 42','BK-M38S-42','Silver',419.7784,769.49,42,12305.90,5,'2021-07-01 00:00:00.000',NULL,'4ea4fe06-aaea-42d4-a9d9-69f6a9a4a042','2023-03-11 10:01:36.827'),
    (983,'Mountain-400-W Silver, 46','BK-M38S-46','Silver',419.7784,769.49,46,12437.44,5,'2021-07-01 00:00:00.000',NULL,'0b0c8ee4-ff2d-438e-9cac-464783b86191','2023-03-11 10:01:36.827'),
    (984,'Mountain-500 Silver, 40','BK-M18S-40','Silver',308.2179,564.99,40,12405.69,5,'2021-07-01 00:00:00.000',NULL,'b96c057b-6416-4851-8d59-bcb37c8e6e51','2023-03-11 10:01:36.827'),
    (985,'Mountain-500 Silver, 42','BK-M18S-42','Silver',308.2179,564.99,42,12596.19,5,'2021-07-01 00:00:00.000',NULL,'b8d1b5d9-8a39-4097-a04a-56e95559b534','2023-03-11 10:01:36.827'),
    (986,'Mountain-500 Silver, 44','BK-M18S-44','Silver',308.2179,564.99,44,12759.49,5,'2021-07-01 00:00:00.000',NULL,'e8cec794-e8e2-4312-96a7-4832e573d3fc','2023-03-11 10:01:36.827'),
    (987,'Mountain-500 Silver, 48','BK-M18S-48','Silver',308.2179,564.99,48,12891.03,5,'2021-07-01 00:00:00.000',NULL,'77ef419f-481f-40b9-bdb9-7e6678e550e3','2023-03-11 10:01:36.827'),
    (988,'Mountain-500 Silver, 52','BK-M18S-52','Silver',308.2179,564.99,52,13008.96,5,'2021-07-01 00:00:00.000',NULL,'cad60945-183e-4ab3-a70c-3f5bac6bf134','2023-03-11 10:01:36.827'),
    (989,'Mountain-500 Black, 40','BK-M18B-40','Black',294.5797,539.99,40,12405.69,5,'2021-07-01 00:00:00.000',NULL,'28287157-3f06-487b-8531-bee8a37329e4','2023-03-11 10:01:36.827'),
    (990,'Mountain-500 Black, 42','BK-M18B-42','Black',294.5797,539.99,42,12596.19,5,'2021-07-01 00:00:00.000',NULL,'f5752c9c-56ba-41a7-83fd-139da28c15fa','2023-03-11 10:01:36.827'),
    (991,'Mountain-500 Black, 44','BK-M18B-44','Black',294.5797,539.99,44,12759.49,5,'2021-07-01 00:00:00.000',NULL,'c7852127-2fb8-4959-b5a3-de5a8d6445e4','2023-03-11 10:01:36.827'),
    (992,'Mountain-500 Black, 48','BK-M18B-48','Black',294.5797,539.99,48,12891.03,5,'2021-07-01 00:00:00.000',NULL,'75752e26-a3b6-4264-9b06-f23a4fbdc5a7','2023-03-11 10:01:36.827'),
    (993,'Mountain-500 Black, 52','BK-M18B-52','Black',294.5797,539.99,52,13008.96,5,'2021-07-01 00:00:00.000',NULL,'69ee3b55-e142-4e4f-aed8-af02978fbe87','2023-03-11 10:01:36.827'),
    (997,'Road-750 Black, 44','BK-R19B-44','Black',343.6496,539.99,44,8967.47,6,'2021-07-01 00:00:00.000',NULL,'44ce4802-409f-43ab-9b27-ca53421805be','2023-03-11 10:01:36.827'),
    (998,'Road-750 Black, 48','BK-R19B-48','Black',343.6496,539.99,48,9130.77,6,'2021-07-01 00:00:00.000',NULL,'3de9a212-1d49-40b6-b10a-f564d981dbde','2023-03-11 10:01:36.827'),
    (999,'Road-750 Black, 52','BK-R19B-52','Black',343.6496,539.99,52,9262.31,6,'2021-07-01 00:00:00.000',NULL,'ae638923-2b67-4679-b90e-abbab17dca31','2023-03-11 10:01:36.827');

    SET IDENTITY_INSERT SalesLT.Product OFF;

    -- SET IDENTITY_INSERT SalesLT.SalesOrderHeader ON;

    INSERT INTO SalesLT.SalesOrderHeader (
        SalesOrderID, RevisionNumber, OrderDate, DueDate, ShipDate, Status, OnlineOrderFlag, PurchaseOrderNumber, AccountNumber, CustomerID, ShipToAddressID, BillToAddressID, ShipMethod, CreditCardApprovalCode, SubTotal, TaxAmt, Freight, Comment, rowguid, ModifiedDate
    )
    VALUES
    (71774, 2, '2023-06-01 00:00:00.000','2023-06-13 00:00:00.000','2023-06-08 00:00:00.000', 5, 0,'PO348186287', '10-4020-000609',29847,1092,1092,'CARGO TRANSPORT 5',NULL,880.3484,70.4279,22.0087,NULL,'89e42cdc-8506-48a2-b89b-eb3e64e3554e','2023-06-08 00:00:00.000'),
    (71776, 2, '2023-06-01 00:00:00.000','2023-06-13 00:00:00.000','2023-06-08 00:00:00.000', 5, 0,'PO19952192051', '10-4020-000106',30072,640,640,'CARGO TRANSPORT 5',NULL,78.81,6.3048,1.9703,NULL,'8a3448c5-e677-4158-a29b-dd33069be0b0','2023-06-08 00:00:00.000'),
    (71780, 2, '2023-06-01 00:00:00.000','2023-06-13 00:00:00.000','2023-06-08 00:00:00.000', 5, 0,'PO19604173239', '10-4020-000340',30113,653,653,'CARGO TRANSPORT 5',NULL,38418.6895,3073.4952,960.4672,NULL,'a47665d2-7ac9-4cf3-8a8b-2a3883554284','2023-06-08 00:00:00.000'),
    (71782, 2, '2023-06-01 00:00:00.000','2023-06-13 00:00:00.000','2023-06-08 00:00:00.000', 5, 0,'PO19372114749', '10-4020-000582',29485,1086,1086,'CARGO TRANSPORT 5',NULL,39785.3304,3182.8264,994.6333,NULL,'f1be45a5-5c57-4a50-93c6-5f8be44cb7cb','2023-06-08 00:00:00.000'),
    (71783,2,'2023-06-01 00:00:00.000','2023-06-13 00:00:00.000','2023-06-08 00:00:00.000',5,0,'PO19343113609','10-4020-000024',29957,992,992,'CARGO TRANSPORT 5',NULL,83858.4261,6708.6741,2096.4607,NULL,'7db2329e-6446-42a8-8915-9c8370b68ed8','2023-06-08 00:00:00.000'),
    (71784,2,'2023-06-01 00:00:00.000','2023-06-13 00:00:00.000','2023-06-08 00:00:00.000',5,0,'PO19285135919','10-4020-000448',29736,659,659,'CARGO TRANSPORT 5',NULL,108561.8317,8684.9465,2714.0458,NULL,'ca31f324-2c32-4f8d-95eb-596e7f343027','2023-06-08 00:00:00.000'),
    (71796,2,'2023-06-01 00:00:00.000','2023-06-13 00:00:00.000','2023-06-08 00:00:00.000',5,0,'PO17052159664','10-4020-000420',29660,1058,1058,'CARGO TRANSPORT 5',NULL,57634.6342,4610.7707,1440.8659,NULL,'917ef5ba-f32d-4563-8588-66db0bcdc846','2023-06-08 00:00:00.000'),
    (71797,2,'2023-06-01 00:00:00.000','2023-06-13 00:00:00.000','2023-06-08 00:00:00.000',5,0,'PO16501134889','10-4020-000142',29796,642,642,'CARGO TRANSPORT 5',NULL,78029.6898,6242.3752,1950.7422,NULL,'bb3fee84-c8bf-4dd2-bcca-675ab6a11c38','2023-06-08 00:00:00.000'),
    (71815,2,'2023-06-01 00:00:00.000','2023-06-13 00:00:00.000','2023-06-08 00:00:00.000',5,0,'PO13021155785','10-4020-000276',30089,1034,1034,'CARGO TRANSPORT 5',NULL,1141.5782,91.3263,28.5395,NULL,'2aa5f39b-1096-4a4b-b17b-f10504a397ce','2023-06-08 00:00:00.000'),
    (71816,2,'2023-06-01 00:00:00.000','2023-06-13 00:00:00.000','2023-06-08 00:00:00.000',5,0,'PO12992180445','10-4020-000295',30027,1038,1038,'CARGO TRANSPORT 5',NULL,3398.1659,271.8533,84.9541,NULL,'e3c189e7-98de-4c40-b6c2-0d1d13f9bb33','2023-06-08 00:00:00.000'),
    (71831,2,'2023-06-01 00:00:00.000','2023-06-13 00:00:00.000','2023-06-08 00:00:00.000',5,0,'PO10295111084','10-4020-000322',30019,652,652,'CARGO TRANSPORT 5',NULL,2016.3408,161.3073,50.4085,NULL,'625d76fc-c26f-4149-bf24-939fb2bccd77','2023-06-08 00:00:00.000'),
    (71832,2,'2023-06-01 00:00:00.000','2023-06-13 00:00:00.000','2023-06-08 00:00:00.000',5,0,'PO10353140756','10-4020-000088',29922,639,639,'CARGO TRANSPORT 5',NULL,35775.2113,2862.0169,894.3803,NULL,'addb8620-432a-456e-8470-1bedd4bc3457','2023-06-08 00:00:00.000'),
    (71845,2,'2023-06-01 00:00:00.000','2023-06-13 00:00:00.000','2023-06-08 00:00:00.000',5,0,'PO2697119362','10-4020-000187',29938,1020,1020,'CARGO TRANSPORT 5',NULL,41622.0511,3329.7641,1040.5513,NULL,'e68f7ee9-c581-45cd-9c4f-386aeda74d84','2023-06-08 00:00:00.000'),
    (71846,2,'2023-06-01 00:00:00.000','2023-06-13 00:00:00.000','2023-06-08 00:00:00.000',5,0,'PO2378131604','10-4020-000635',30102,669,669,'CARGO TRANSPORT 5',NULL,2453.7645,196.3012,61.3441,NULL,'a86d90ad-d1c0-440d-9a57-5b763bf18234','2023-06-08 00:00:00.000'),
    (71856,2,'2023-06-01 00:00:00.000','2023-06-13 00:00:00.000','2023-06-08 00:00:00.000',5,0,'PO16530177647','10-4020-000601',30033,1090,1090,'CARGO TRANSPORT 5',NULL,602.1946,48.1756,15.0549,NULL,'05fee073-0640-4a3c-914d-fe4ae6da3d43','2023-06-08 00:00:00.000'),
    (71858,2,'2023-06-01 00:00:00.000','2023-06-13 00:00:00.000','2023-06-08 00:00:00.000',5,0,'PO16153112278','10-4020-000186',29653,1019,1019,'CARGO TRANSPORT 5',NULL,13823.7083,1105.8967,345.5927,NULL,'5ef091e1-a0af-437d-85ed-0b557c7923f7','2023-06-08 00:00:00.000'),
    (71863,2,'2023-06-01 00:00:00.000','2023-06-13 00:00:00.000','2023-06-08 00:00:00.000',5,0,'PO16124166561','10-4020-000649',29975,1098,1098,'CARGO TRANSPORT 5',NULL,3324.2759,265.9421,83.1069,NULL,'3ed03b56-a4bf-4872-9471-bc6c7893eab7','2023-06-08 00:00:00.000'),
    (71867,2,'2023-06-01 00:00:00.000','2023-06-13 00:00:00.000','2023-06-08 00:00:00.000',5,0,'PO13050111529','10-4020-000160',29644,643,643,'CARGO TRANSPORT 5',NULL,1059.31,84.7448,26.4828,NULL,'29743c1b-d3af-4cfe-bd2e-6de436e3398f','2023-06-08 00:00:00.000'),
    (71885,2,'2023-06-01 00:00:00.000','2023-06-13 00:00:00.000','2023-06-08 00:00:00.000',5,0,'PO6119130779','10-4020-000268',29612,649,649,'CARGO TRANSPORT 5',NULL,550.386,44.0309,13.7597,NULL,'caad090d-56a6-444e-af24-7bee7605f120','2023-06-08 00:00:00.000'),
    (71895,2,'2023-06-01 00:00:00.000','2023-06-13 00:00:00.000','2023-06-08 00:00:00.000',5,0,'PO3770176273','10-4020-000151',29584,1014,1014,'CARGO TRANSPORT 5',NULL,246.7392,19.7391,6.1685,NULL,'07a17c0a-7f9a-4413-a035-519e5a4573be','2023-06-08 00:00:00.000'),
    (71897,2,'2023-06-01 00:00:00.000','2023-06-13 00:00:00.000','2023-06-08 00:00:00.000',5,0,'PO4785152479','10-4020-000223',29877,1026,1026,'CARGO TRANSPORT 5',NULL,12685.8899,1014.8712,317.1472,NULL,'f88b3458-e0cf-4248-9b72-1805351463b2','2023-06-08 00:00:00.000'),
    (71898,2,'2023-06-01 00:00:00.000','2023-06-13 00:00:00.000','2023-06-08 00:00:00.000',5,0,'PO5713190501','10-4020-000052',29932,637,637,'CARGO TRANSPORT 5',NULL,63980.9884,5118.4791,1599.5247,NULL,'96f84d24-3355-43d2-b5a3-55e97c17e58c','2023-06-08 00:00:00.000'),
    (71899,2,'2023-06-01 00:00:00.000','2023-06-13 00:00:00.000','2023-06-08 00:00:00.000',5,0,'PO4582142611','10-4020-000025',29568,993,993,'CARGO TRANSPORT 5',NULL,2415.6727,193.2538,60.3918,NULL,'31d41e8f-6f43-4cae-bee3-3cccb262f231','2023-06-08 00:00:00.000'),
    (71902,2,'2023-06-01 00:00:00.000','2023-06-13 00:00:00.000','2023-06-08 00:00:00.000',5,0,'PO5539125166','10-4020-000061',29929,999,999,'CARGO TRANSPORT 5',NULL,74058.8078,5924.7046,1851.4702,NULL,'137850d6-efdf-4de1-920f-5757a86cdaaf','2023-06-08 00:00:00.000'),
    (71915,2,'2023-06-01 00:00:00.000','2023-06-13 00:00:00.000','2023-06-08 00:00:00.000',5,0,'PO2349143275','10-4020-000006',29638,989,989,'CARGO TRANSPORT 5',NULL,2137.231,170.9785,53.4308,NULL,'0bcb3d9c-9008-4b99-bb45-928adae7be6b','2023-06-08 00:00:00.000'),
    (71917,2,'2023-06-01 00:00:00.000','2023-06-13 00:00:00.000','2023-06-08 00:00:00.000',5,0,'PO29111718','10-4020-000304',30025,651,651,'CARGO TRANSPORT 5',NULL,40.9045,3.2724,1.0226,NULL,'6e903ea3-1b9e-4232-94c3-81c15669f830','2023-06-08 00:00:00.000'),
    (71920,2,'2023-06-01 00:00:00.000','2023-06-13 00:00:00.000','2023-06-08 00:00:00.000',5,0,'PO4002189853','10-4020-000674',29982,1102,1102,'CARGO TRANSPORT 5',NULL,2980.7929,238.4634,74.5198,NULL,'6228c9cb-1cab-4e32-98ca-d0dae5fe563e','2023-06-08 00:00:00.000'),
    (71923,2,'2023-06-01 00:00:00.000','2023-06-13 00:00:00.000','2023-06-08 00:00:00.000',5,0,'PO174173096','10-4020-000277',29781,1035,1035,'CARGO TRANSPORT 5',NULL,106.5408,8.5233,2.6635,NULL,'f9899f3f-b4b6-4756-b013-96c16be20427','2023-06-08 00:00:00.000'),
    (71935,2,'2023-06-01 00:00:00.000','2023-06-13 00:00:00.000','2023-06-08 00:00:00.000',5,0,'PO7946145876','10-4020-000438',29531,1061,1061,'CARGO TRANSPORT 5',NULL,6634.2961,530.7437,165.8574,NULL,'7033c6ec-b12c-45bc-bd96-56efde4c7dd0','2023-06-08 00:00:00.000')
    -- (71936,2,'2023-06-01 00:00:00.000','2023-06-13 00:00:00.000','2023-06-08 00:00:00.000',5,0,'PO8671170385','10-4020-000502',30050,662,662,'CARGO TRANSPORT 5',NULL,98278.691,7862.2953,2456.9673,NULL,'119db56a-a97e-414d-b41c-64886fc50ab7','2023-06-08 00:00:00.000'),
    -- (71938,2,'2023-06-01 00:00:00.000','2023-06-13 00:00:00.000','2023-06-08 00:00:00.000',5,0,'PO8468183315','10-4020-000016',29546,635,635,'CARGO TRANSPORT 5',NULL,88812.8625,7105.029,2220.3216,NULL,'a36ee74a-cf0d-4024-a1ce-4eaffd1f85f0','2023-06-08 00:00:00.000'),
    -- (71946,2,'2023-06-01 00:00:00.000','2023-06-13 00:00:00.000','2023-06-08 00:00:00.000',5,0,'PO8961158629','10-4020-000466',29741,660,660,'CARGO TRANSPORT 5',NULL,38.9536,3.1163,0.9738,NULL,'10e3129d-657f-46f9-86f5-cedd79b1901c','2023-06-08 00:00:00.000')

    -- SET IDENTITY_INSERT SalesLT.SalesOrderHeader OFF;

    -- SET IDENTITY_INSERT SalesLT.SalesOrderDetails ON;

    INSERT INTO SalesLT.SalesOrderDetails
        (SalesOrderID, SalesOrderDetailID, OrderQty, ProductID, UnitPrice, UnitPriceDiscount, rowguid, ModifiedDate)
    VALUES
        (71774,110562,1,836,356.898,0.00,'e3a1994c-7a68-4ce8-96a3-77fdd3bbd730','2023-06-01 00:00:00.000'),
        (71774,110563,1,822,356.898,0.00,'5c77f557-fdb6-43ba-90b9-9a7aec55ca32','2023-06-01 00:00:00.000'),
        (71776,110567,1,907,63.90,0.00,'6dbfe398-d15d-425e-aa58-88178fe360e5','2023-06-01 00:00:00.000'),
        (71780,110616,4,905,218.454,0.00,'377246c9-4483-48ed-a5b9-e56f005364e0','2023-06-01 00:00:00.000'),
        (71780,110617,2,983,461.694,0.00,'43a54bcd-536d-4a1b-8e69-24d083507a14','2023-06-01 00:00:00.000'),
        (71780,110618,6,988,112.998,0.40,'12706fab-f3a2-48c6-b7c7-1ccde4081f18','2023-06-01 00:00:00.000'),
        (71780,110619,2,748,818.70,0.00,'b12f0d3b-5b4e-4f1f-b2f0-f7cde99dd826','2023-06-01 00:00:00.000'),
        (71780,110620,1,990,323.994,0.00,'f117a449-039d-44b8-a4b2-b12001dacc01','2023-06-01 00:00:00.000'),
        (71780,110621,1,926,149.874,0.00,'92e5052b-72d0-4c91-9a8c-42591803667e','2023-06-01 00:00:00.000'),
        (71780,110622,1,743,809.76,0.00,'8bd33bed-c4f6-4d44-84fb-a7d04afcd794','2023-06-01 00:00:00.000'),
        (71780,110623,4,782,1376.994,0.00,'686999fb-42e6-4d00-9a14-83ffa86833e3','2023-06-01 00:00:00.000'),
        (71780,110624,2,918,158.43,0.00,'82940b03-c70b-4183-8660-6b3418908429','2023-06-01 00:00:00.000'),
        (71780,110625,4,780,1391.994,0.00,'644b0cd6-b2c3-4e4d-ab43-091c2ef6c829','2023-06-01 00:00:00.000'),
        (71780,110626,1,937,48.594,0.00,'7f5feb17-8ef4-4236-9f1c-15046d9638f0','2023-06-01 00:00:00.000'),
        (71780,110627,6,867,41.994,0.00,'ac78838d-b503-41a5-9791-480e528f028c','2023-06-01 00:00:00.000'),
        (71780,110628,1,985,112.998,0.40,'2c10a282-a13d-442a-8f45-f4d6b23a7d9c','2023-06-01 00:00:00.000'),
        (71780,110629,2,989,323.994,0.00,'654fb79e-70df-4b92-9832-9fa67013215b','2023-06-01 00:00:00.000'),
        (71780,110630,3,991,323.994,0.00,'3d6ca7ab-055e-4536-8940-76234cc9bcde','2023-06-01 00:00:00.000'),
        (71780,110631,1,992,323.994,0.00,'560feee1-dd54-4c34-abb1-4f8841d0aa41','2023-06-01 00:00:00.000'),
        (71780,110632,2,993,323.994,0.00,'19570052-4023-4658-bc56-dc5c619bd00e','2023-06-01 00:00:00.000'),
        (71780,110633,2,984,112.998,0.40,'27562675-f8c3-4a38-bd9e-b366b83e5204','2023-06-01 00:00:00.000'),
        (71780,110634,3,986,112.998,0.40,'e193ce39-ef33-4969-87b1-468d2f7b48ad','2023-06-01 00:00:00.000'),
        (71780,110635,3,987,112.998,0.40,'e38e076f-5072-437a-a771-ada53b5ab803','2023-06-01 00:00:00.000'),
        (71780,110636,2,981,461.694,0.00,'26c00b7d-6e19-4fbf-b9f1-23c2609e8893','2023-06-01 00:00:00.000'),
        (71780,110637,3,982,461.694,0.00,'6666a81b-90a1-4204-a39e-9f660ca43e5f','2023-06-01 00:00:00.000'),
        (71780,110638,5,783,1376.994,0.00,'332dcf9e-dfd2-4345-9015-f4b53ac396ee','2023-06-01 00:00:00.000'),
        (71780,110639,3,809,37.152,0.00,'c2b08405-a9be-4f71-906c-5d7b1e26bde4','2023-06-01 00:00:00.000'),
        (71780,110640,1,810,72.162,0.00,'351a29fb-ceb1-4ca6-bb36-506d87b82a95','2023-06-01 00:00:00.000'),
        (71780,110641,2,935,24.294,0.00,'1918cfd2-69e8-4593-b4d6-8677f18b8f62','2023-06-01 00:00:00.000'),
        (71780,110642,1,925,149.874,0.00,'21624302-ca0f-402f-8a46-5a3fffa7d5f3','2023-06-01 00:00:00.000'),
        (71780,110643,7,869,41.994,0.00,'169c75f6-a364-46e3-8ddb-033528177458','2023-06-01 00:00:00.000'),
        (71780,110644,1,880,32.994,0.00,'c3fbb3ec-3ff6-4ee1-88cf-230e128815f3','2023-06-01 00:00:00.000'),
        (71782,110667,3,714,29.994,0.00,'e3b48ec1-8e67-4ef8-8ee0-8898167a3598','2023-06-01 00:00:00.000'),
        (71782,110668,3,956,1430.442,0.00,'8f00f4bc-cfd1-473f-9fce-191b7eb5f1ad','2023-06-01 00:00:00.000'),
        (71782,110669,1,954,1430.442,0.00,'8d3b14c1-df49-4919-942c-3bb379d7be42','2023-06-01 00:00:00.000'),
        (71782,110670,10,712,5.394,0.00,'a7873b73-b47e-4a06-afa4-805342a35e02','2023-06-01 00:00:00.000'),
        (71782,110671,10,877,4.77,0.00,'e7cb4bbf-3e8d-4c6e-8c87-c3d5a038266b','2023-06-01 00:00:00.000'),
        (71782,110672,4,996,72.894,0.00,'c4d69d25-2f3f-4978-b765-8255d489db8d','2023-06-01 00:00:00.000'),
        (71782,110673,6,864,38.10,0.00,'c216d216-86cd-4e33-a713-6a97d344fa91','2023-06-01 00:00:00.000'),
        (71782,110674,3,876,72.00,0.00,'fd409a4f-dab6-4499-81d2-07620f4aba08','2023-06-01 00:00:00.000'),
        (71782,110675,4,959,445.41,0.00,'cacd0b0c-270a-42bb-a48e-34a69248b19a','2023-06-01 00:00:00.000'),
        (71782,110676,4,971,728.91,0.00,'5edf45b8-d4fb-4714-957d-9666ea22f415','2023-06-01 00:00:00.000'),
        (71782,110677,6,870,2.994,0.00,'dc88bd9d-3de5-49a7-b874-bada950ab284','2023-06-01 00:00:00.000'),
        (71782,110678,1,978,445.41,0.00,'8bd27f52-34f9-498d-a838-366179f7075d','2023-06-01 00:00:00.000'),
        (71782,110679,1,955,1430.442,0.00,'1d44bf7e-9c42-4ca1-afd6-e6ddf9d85bc5','2023-06-01 00:00:00.000'),
        (71782,110680,1,948,63.90,0.00,'083cdd70-a4df-44fd-863a-19b03deefba4','2023-06-01 00:00:00.000'),
        (71782,110681,1,994,32.394,0.00,'8ed3d829-95ad-4bed-8894-9b76d20981b9','2023-06-01 00:00:00.000'),
        (71782,110682,1,970,728.91,0.00,'74e94a04-5c2b-4821-8fc7-069204b0ba4a','2023-06-01 00:00:00.000'),
        (71782,110683,2,966,1430.442,0.00,'4e0a7f8e-58da-4b23-8856-980fd461cff8','2023-06-01 00:00:00.000'),
        (71782,110684,4,884,32.394,0.00,'5324b298-176e-4e92-9fc6-ed0c4db55235','2023-06-01 00:00:00.000'),
        (71782,110685,2,885,602.346,0.00,'598385dd-ea19-409e-8f17-03ab651165d0','2023-06-01 00:00:00.000'),
        (71782,110686,8,715,29.994,0.00,'4a23f5c7-d0c5-4703-8e42-69e9a280e9ef','2023-06-01 00:00:00.000'),
        (71782,110687,3,894,72.876,0.00,'eaaae38b-fb67-4509-abbd-fbac1cae2054','2023-06-01 00:00:00.000'),
        (71782,110688,1,957,1430.442,0.00,'8d36d42e-5a61-4aa0-b8b7-a83deeeb3dde','2023-06-01 00:00:00.000'),
        (71782,110689,2,967,1430.442,0.00,'406724b4-4733-4372-a4ac-84f4f493aa7e','2023-06-01 00:00:00.000'),
        (71782,110690,7,708,20.994,0.00,'4aa6f3da-060b-4c22-b6b5-3a29c370af8d','2023-06-01 00:00:00.000'),
        (71782,110691,3,961,445.41,0.00,'35ba4320-0ef4-46c4-8e1b-71201d1f4fc5','2023-06-01 00:00:00.000'),
        (71782,110692,2,979,445.41,0.00,'bc718813-1d25-49c8-9369-4ec056c040d7','2023-06-01 00:00:00.000'),
        (71782,110693,2,958,445.41,0.00,'6a61199f-48c9-4dd1-8fc1-5825a1c8c7ae','2023-06-01 00:00:00.000'),
        (71782,110694,1,963,445.41,0.00,'48eada4b-b0a7-4cd4-bd00-e7b8eebbcfde','2023-06-01 00:00:00.000'),
        (71782,110695,1,953,728.91,0.00,'8c2be39e-66d9-437d-8d18-233702bc27b5','2023-06-01 00:00:00.000'),
        (71782,110696,2,968,1430.442,0.00,'56f9396b-53f8-4386-8f08-6feb33125913','2023-06-01 00:00:00.000'),
        (71782,110697,2,951,242.994,0.00,'35d889d9-676a-4b95-a2ea-28da743c25a7','2023-06-01 00:00:00.000'),
        (71782,110698,2,945,54.894,0.00,'2d3aef50-9ace-4b59-be1f-b9d709ecbde2','2023-06-01 00:00:00.000'),
        (71782,110699,1,916,31.584,0.00,'20812393-5001-46eb-a7f6-69c537cbb76e','2023-06-01 00:00:00.000'),
        (71782,110700,1,886,200.052,0.00,'c09d7227-b5cb-4e1f-8489-c5456c71516e','2023-06-01 00:00:00.000'),
        (71782,110701,1,892,602.346,0.00,'00233509-2f29-4f6e-b84c-e1d38536d432','2023-06-01 00:00:00.000'),
        (71782,110702,1,893,602.346,0.00,'df0ff5ca-b71f-49ab-852e-f4f1c934ce7a','2023-06-01 00:00:00.000'),
        (71782,110703,6,881,32.394,0.00,'87172507-65ee-414f-a162-1bc35f7aff1f','2023-06-01 00:00:00.000'),
        (71782,110704,4,883,32.394,0.00,'a62b4ea2-985b-4c65-91d2-94e57a3b1a50','2023-06-01 00:00:00.000'),
        (71782,110705,1,859,14.694,0.00,'84402784-60d8-4a3b-b982-97661b060511','2023-06-01 00:00:00.000'),
        (71782,110706,4,865,38.10,0.00,'2fde7943-7f34-42e3-a6f6-d8d8ba64103e','2023-06-01 00:00:00.000'),
        (71782,110707,9,880,32.994,0.00,'bc88c745-58eb-4681-9381-68fef23d9334','2023-06-01 00:00:00.000'),
        (71782,110708,6,711,20.994,0.00,'c4df556d-3a50-4e6d-ba45-4ad9c58cb4d5','2023-06-01 00:00:00.000'),
        (71782,110709,3,707,20.994,0.00,'eeff1625-7749-4f51-a01d-3a9776b774f1','2023-06-01 00:00:00.000'),
        (71783,110710,4,738,202.332,0.00,'6600bd56-0e8e-4708-88ad-8b81cdde0c66','2023-06-01 00:00:00.000'),
        (71783,110711,6,939,37.254,0.00,'49ff2935-0b3d-4bed-91d0-454c71a2cbbe','2023-06-01 00:00:00.000'),
        (71783,110712,3,793,1466.01,0.00,'a13c9fa5-a227-4d2e-b1b9-4982187edc65','2023-06-01 00:00:00.000'),
        (71783,110713,4,977,323.994,0.00,'cf2858d7-f54f-4954-a9f2-87e132352d4e','2023-06-01 00:00:00.000'),
        (71783,110714,9,880,32.994,0.00,'bfbd21a7-253a-411a-9fe7-56884370529e','2023-06-01 00:00:00.000'),
        (71783,110715,7,859,14.694,0.00,'9ca42575-6bd2-4063-904a-f89dcdbfa00f','2023-06-01 00:00:00.000'),
        (71783,110716,25,976,850.495,0.10,'f9e75552-b9d0-4cfe-ac23-abbffa8da03b','2023-06-01 00:00:00.000'),
        (71783,110717,6,714,29.994,0.00,'4003a2a8-7365-4f8b-9fef-53d14b022e42','2023-06-01 00:00:00.000'),
        (71783,110718,8,877,4.77,0.00,'3650c9ac-764f-4a62-bd44-c9c302643c49','2023-06-01 00:00:00.000'),
        (71783,110719,1,813,72.162,0.00,'15b9c1ad-c3de-474d-ac24-bf2062485549','2023-06-01 00:00:00.000'),
        (71783,110720,6,881,32.394,0.00,'7f2dc14d-5f9b-4d50-8a47-98ea49a83ce3','2023-06-01 00:00:00.000'),
        (71783,110721,6,873,1.374,0.00,'e447cabb-a2cd-4bb0-9927-a6285927baec','2023-06-01 00:00:00.000'),
        (71783,110722,10,870,2.994,0.00,'93d36328-d201-49c3-981b-0082f93f305a','2023-06-01 00:00:00.000'),
        (71783,110723,1,822,356.898,0.00,'710710b5-a4be-4a71-8965-b5ac0c3f8732','2023-06-01 00:00:00.000'),
        (71783,110724,1,799,672.294,0.00,'bd3a6bd9-2d94-4bb2-b033-2cb2b879b666','2023-06-01 00:00:00.000'),
        (71783,110725,2,858,14.694,0.00,'17d042f8-7e71-4c98-a9e8-c06c6b046b9f','2023-06-01 00:00:00.000'),
        (71783,110726,9,860,14.694,0.00,'69287890-5cf2-48d4-842e-1af037e8880b','2023-06-01 00:00:00.000'),
        (71783,110727,15,864,34.925,0.05,'95523468-78c9-4659-a9e2-408f6139c1bc','2023-06-01 00:00:00.000'),
        (71783,110728,3,938,24.294,0.00,'6a7322f6-6e11-45c2-8b9e-004714cd9716','2023-06-01 00:00:00.000'),
        (71783,110729,11,883,31.3142,0.02,'2bc7d17c-cb36-4acd-a45e-5f6f0336a15a','2023-06-01 00:00:00.000'),
        (71783,110730,6,722,202.332,0.00,'5e9d4a6a-6848-46c3-a6ed-4f5111b94302','2023-06-01 00:00:00.000'),
        (71783,110731,9,884,32.394,0.00,'443c9252-f746-4ec0-b838-2b02bee947f6','2023-06-01 00:00:00.000'),
        (71783,110732,7,998,323.994,0.00,'db5fe5ad-ea68-4d7d-9b74-647141ac43b9','2023-06-01 00:00:00.000'),
        (71783,110733,5,999,323.994,0.00,'abdb8300-ff35-45f5-b4ca-9f627024ee30','2023-06-01 00:00:00.000'),
        (71783,110734,4,797,672.294,0.00,'8f859c8b-6996-4e2d-9f0f-0dd0f8fea8db','2023-06-01 00:00:00.000'),
        (71783,110735,1,798,672.294,0.00,'d27d3eb4-56c3-4877-9902-264b2a236ead','2023-06-01 00:00:00.000'),
        (71783,110736,1,801,672.294,0.00,'b9e766b8-ce94-4452-bb4b-02fa8138b193','2023-06-01 00:00:00.000'),
        (71783,110737,5,973,1020.594,0.00,'22203517-0010-48f1-a777-5bb735226508','2023-06-01 00:00:00.000'),
        (71783,110738,13,974,986.5742,0.02,'ac5c5fc9-722c-4e0e-b1ca-bcf60ca65228','2023-06-01 00:00:00.000'),
        (71783,110739,4,940,48.594,0.00,'e09a8710-17cf-4e93-8d1b-89ad798e9058','2023-06-01 00:00:00.000'),
        (71783,110740,3,835,356.898,0.00,'cc30cb7e-1260-48a9-8dec-b7d95cc5533e','2023-06-01 00:00:00.000'),
        (71783,110741,4,836,356.898,0.00,'0a9a4bef-bb06-49b2-942d-c8a2cd010a84','2023-06-01 00:00:00.000'),
        (71783,110742,4,838,858.90,0.00,'32e1242c-4571-46f4-b749-fdc8224186c8','2023-06-01 00:00:00.000'),
        (71783,110743,2,718,858.90,0.00,'033a43f7-a88b-4d7c-8308-bc2ae7ec9779','2023-06-01 00:00:00.000'),
        (71783,110744,17,715,27.4945,0.05,'b67b428a-14e3-4246-8d86-48ceec873e8b','2023-06-01 00:00:00.000'),
        (71783,110745,4,716,29.994,0.00,'00c305b1-2d9c-488c-ae9d-983dcda1df06','2023-06-01 00:00:00.000'),
        (71783,110746,1,875,5.394,0.00,'115cb3de-68bf-433c-934f-bf6ead607011','2023-06-01 00:00:00.000'),
        (71783,110747,10,865,38.10,0.00,'9d1dfc31-93d5-463a-b188-6de1a93a79b1','2023-06-01 00:00:00.000'),
        (71783,110748,11,712,5.2142,0.02,'4dc0622c-e097-4b89-8466-148fcd95e6fb','2023-06-01 00:00:00.000'),
        (71783,110749,15,711,19.2445,0.05,'e671d916-17c3-4dd1-b086-2b08b84877e2','2023-06-01 00:00:00.000'),
        (71783,110750,2,876,72.00,0.00,'65412ada-b387-4edf-b099-697ccf1f6cf7','2023-06-01 00:00:00.000'),
        (71783,110751,10,707,20.994,0.00,'d29b2630-1485-4fde-8a3f-7c677a3cc567','2023-06-01 00:00:00.000'),
        (71783,110752,11,708,20.2942,0.02,'71f6fbbf-3b29-4f55-abd3-3577d6786501','2023-06-01 00:00:00.000'),
        (71784,110753,2,711,20.994,0.00,'d673a683-66c1-41d9-9c18-0f358e135ab7','2023-06-01 00:00:00.000'),
        (71784,110754,8,885,602.346,0.00,'701cac38-5268-4ee9-a66f-ba5e0f578743','2023-06-01 00:00:00.000'),
        (71784,110755,2,954,1430.442,0.00,'0f40ef26-3a85-46a8-bbb2-a9b063aa43dd','2023-06-01 00:00:00.000'),
        (71784,110756,11,870,2.8942,0.02,'1e115c68-5af1-41d7-86c2-66f881153c6e','2023-06-01 00:00:00.000'),
        (71784,110757,8,865,38.10,0.00,'cc0c8be2-787b-4c97-a568-02facc05d55b','2023-06-01 00:00:00.000'),
        (71784,110758,4,970,728.91,0.00,'3b529926-7ae8-4805-bc73-7ba460e5f1ab','2023-06-01 00:00:00.000'),
        (71784,110759,1,959,445.41,0.00,'d86eb183-494b-4be4-889d-e14a16c29c9d','2023-06-01 00:00:00.000'),
        (71784,110760,9,714,29.994,0.00,'847f0227-ded8-4717-8f6f-ddaeacdd7ca0','2023-06-01 00:00:00.000'),
        (71784,110761,10,712,5.394,0.00,'85648cf9-a6e2-4ddc-ab71-d77d8ca27a12','2023-06-01 00:00:00.000'),
        (71784,110762,4,972,728.91,0.00,'25e7c0f0-daea-4761-89fc-9b65caa00648','2023-06-01 00:00:00.000'),
        (71784,110763,8,877,4.77,0.00,'5995a5a1-56fe-486a-8ac3-a96630355f1d','2023-06-01 00:00:00.000'),
        (71784,110764,5,716,29.994,0.00,'2258c121-5aba-4d57-a8de-56a6493f4547','2023-06-01 00:00:00.000'),
        (71784,110765,11,965,430.563,0.02,'4c8645bc-6da7-465a-a1b8-9795c30920e5','2023-06-01 00:00:00.000'),
        (71784,110766,6,958,445.41,0.00,'7fc16257-7d13-4b56-bcdf-8406522e5ae4','2023-06-01 00:00:00.000'),
        (71784,110767,6,876,72.00,0.00,'b488c4c2-e995-4314-bd7f-fbeace20383e','2023-06-01 00:00:00.000'),
        (71784,110768,2,899,200.052,0.00,'851a9448-2136-49cd-be6a-1e3cf23ef28a','2023-06-01 00:00:00.000'),
        (71784,110769,6,858,14.694,0.00,'9bf2d259-bf1e-4f41-9f37-f56a78e26a19','2023-06-01 00:00:00.000'),
        (71784,110770,4,889,602.346,0.00,'9bb4b933-991f-4f9c-9bed-948c8023e1fb','2023-06-01 00:00:00.000'),
        (71784,110771,7,962,445.41,0.00,'99d641dd-76d5-4334-9e55-99ff78125a94','2023-06-01 00:00:00.000'),
        (71784,110772,2,895,200.052,0.00,'61efc1c5-71ce-4537-9ede-723dd776a042','2023-06-01 00:00:00.000'),
        (71784,110773,12,957,1382.7606,0.02,'2608abcf-0d68-4adc-9f2f-45b931b3417d','2023-06-01 00:00:00.000'),
        (71784,110774,8,979,445.41,0.00,'3b2dd1d1-ca84-40b0-9ee2-e8d97242760b','2023-06-01 00:00:00.000'),
        (71784,110775,3,961,445.41,0.00,'4cfcd54c-299d-491c-acaa-86f2c2dd98ef','2023-06-01 00:00:00.000'),
        (71784,110776,5,963,445.41,0.00,'16fd8cce-6d5d-4642-9d56-56d146310752','2023-06-01 00:00:00.000'),
        (71784,110777,3,953,728.91,0.00,'5645b1ba-251a-4515-aa9a-6e9e86eea4e7','2023-06-01 00:00:00.000'),
        (71784,110778,4,966,1430.442,0.00,'e09d1eb7-627d-43ed-97aa-96be7fad32c3','2023-06-01 00:00:00.000'),
        (71784,110779,6,967,1430.442,0.00,'0c2a84e5-a1e1-4a00-993f-19b4819afbe0','2023-06-01 00:00:00.000'),
        (71784,110780,10,969,1430.442,0.00,'a8ef0789-b2da-411f-b777-da449389d319','2023-06-01 00:00:00.000'),
        (71784,110781,2,955,1430.442,0.00,'e8902b25-0c11-48f1-ba14-3a18072ae4df','2023-06-01 00:00:00.000'),
        (71784,110782,2,916,31.584,0.00,'deefdf0c-fa8e-40ce-ab16-41f51b043796','2023-06-01 00:00:00.000'),
        (71784,110783,3,896,200.052,0.00,'ec43c98a-6838-4941-a503-3504b14fbe6b','2023-06-01 00:00:00.000'),
        (71784,110784,1,900,200.052,0.00,'3dbf3836-b3a9-48ba-8241-61dea20de368','2023-06-01 00:00:00.000'),
        (71784,110785,1,893,602.346,0.00,'061c861d-cada-4884-a224-4de4c00e97e5','2023-06-01 00:00:00.000'),
        (71784,110786,8,715,29.994,0.00,'937fc41c-a818-473d-88b4-d5fc930230f1','2023-06-01 00:00:00.000'),
        (71784,110787,6,881,32.394,0.00,'281d1c72-ec9a-4e76-93b8-f83217a26a2e','2023-06-01 00:00:00.000'),
        (71784,110788,7,883,32.394,0.00,'b7b5995f-02c9-473b-bbb5-1189f87832dc','2023-06-01 00:00:00.000'),
        (71784,110789,3,884,32.394,0.00,'0437f448-edf0-48ed-8a88-0743e136d2da','2023-06-01 00:00:00.000'),
        (71784,110790,5,859,14.694,0.00,'c466499e-5284-4b18-9e65-6c3628788963','2023-06-01 00:00:00.000'),
        (71784,110791,23,864,34.925,0.05,'edb4ed91-8e46-4e5e-9195-e476b7d2ad67','2023-06-01 00:00:00.000'),
        (71784,110792,9,880,32.994,0.00,'75f2181f-ad5c-4dc4-a52f-66cd7cac3f7b','2023-06-01 00:00:00.000'),
        (71784,110793,8,873,1.374,0.00,'2b64ca83-b2fb-4ae5-a9ec-9ea1637317db','2023-06-01 00:00:00.000'),
        (71784,110794,10,707,20.994,0.00,'b86d13fa-2545-4e15-9ab5-1162c1374a6c','2023-06-01 00:00:00.000'),
        (71784,110795,12,708,20.2942,0.02,'21cbcfa9-6e2e-408f-aa28-ccc84fd4c60e','2023-06-01 00:00:00.000'),
        (71796,111018,1,891,602.346,0.00,'dd91e489-43b3-45c6-a4ea-e4d2e650019e','2023-06-01 00:00:00.000'),
        (71796,111019,8,972,728.91,0.00,'46260489-ce09-41d8-ace1-916e300d83c7','2023-06-01 00:00:00.000'),
        (71796,111020,2,953,728.91,0.00,'c163c562-3ed8-41e3-aa66-2a78c3a7bfd0','2023-06-01 00:00:00.000'),
        (71796,111021,1,916,31.584,0.00,'18849a7f-ab84-4f0d-9345-a437ad535053','2023-06-01 00:00:00.000'),
        (71796,111022,5,958,445.41,0.00,'13186b9f-42fc-487c-90fd-4ea96d113233','2023-06-01 00:00:00.000'),
        (71796,111023,3,957,1430.442,0.00,'2df66e6b-21e5-43b4-a91c-57ffd3033e18','2023-06-01 00:00:00.000'),
        (71796,111024,9,969,1430.442,0.00,'24d90386-e9b3-40c4-8d04-ef0e2acd30bb','2023-06-01 00:00:00.000'),
        (71796,111025,2,967,1430.442,0.00,'73ff8746-1fa6-425a-99f0-3c76ed213701','2023-06-01 00:00:00.000'),
        (71796,111026,3,979,445.41,0.00,'a96adf3d-3f0e-439f-ad3c-23846c5f51ec','2023-06-01 00:00:00.000'),
        (71796,111027,7,961,445.41,0.00,'32cbb9f9-6747-4b46-89c7-176928a7b742','2023-06-01 00:00:00.000'),
        (71796,111028,2,965,445.41,0.00,'4b67900d-8a1a-40d8-b654-73cfa183ac2e','2023-06-01 00:00:00.000'),
        (71796,111029,1,970,728.91,0.00,'b94d54d5-1146-43f1-baaa-fd556194977c','2023-06-01 00:00:00.000'),
        (71796,111030,3,954,1430.442,0.00,'c5592d27-d2a7-4687-9d43-f2f034da8e72','2023-06-01 00:00:00.000'),
        (71796,111031,1,955,1430.442,0.00,'9fc48164-06e3-47e3-8455-19f316c3014e','2023-06-01 00:00:00.000'),
        (71796,111032,1,947,54.942,0.00,'fdedab25-d27e-4d66-bb57-6a699846c3e9','2023-06-01 00:00:00.000'),
        (71796,111033,1,899,200.052,0.00,'77b7e9b6-142a-4216-8c71-f839990f536a','2023-06-01 00:00:00.000'),
        (71796,111034,1,900,200.052,0.00,'c54d207b-7ec9-4ea5-b0a7-c37c1d759b03','2023-06-01 00:00:00.000'),
        (71796,111035,6,892,602.346,0.00,'a586daf2-66e3-4eff-93ce-a869c4ec6c51','2023-06-01 00:00:00.000'),
        (71796,111036,1,893,602.346,0.00,'afdfded7-2118-465c-8bb2-10a322dc37c2','2023-06-01 00:00:00.000'),
        (71796,111037,2,885,602.346,0.00,'50cafdbf-f978-4791-b376-386c2c22fa0c','2023-06-01 00:00:00.000'),
        (71797,111038,4,711,20.994,0.00,'9cfabd92-779c-4893-9dd1-652291e0cd71','2023-06-01 00:00:00.000'),
        (71797,111039,2,838,858.90,0.00,'37ab902a-d1a1-421a-8af0-89d144b28efd','2023-06-01 00:00:00.000'),
        (71797,111040,1,714,29.994,0.00,'4c9f3c90-9122-42a6-b423-a3f927d39235','2023-06-01 00:00:00.000'),
        (71797,111041,4,940,48.594,0.00,'a0fcd9d2-e73d-4385-8711-f828c4dfcf41','2023-06-01 00:00:00.000'),
        (71797,111042,16,883,29.6945,0.05,'143b1db9-9435-4eae-bc04-af7b1a1c273c','2023-06-01 00:00:00.000'),
        (71797,111043,2,913,31.584,0.00,'11baec31-14ff-4009-b096-228a6687b44e','2023-06-01 00:00:00.000'),
        (71797,111044,1,738,202.332,0.00,'dd6121fb-30e7-47ff-af1c-61b8dc690f10','2023-06-01 00:00:00.000'),
        (71797,111045,3,722,202.332,0.00,'aab11dce-3367-40c1-885c-cb7e72cdfdb9','2023-06-01 00:00:00.000'),
        (71797,111046,5,835,356.898,0.00,'db72c511-bd31-4e2a-b65a-6dec0aad6aef','2023-06-01 00:00:00.000'),
        (71797,111047,1,718,858.90,0.00,'093129d0-66c4-44e6-af23-45f0fbf0f1a4','2023-06-01 00:00:00.000'),
        (71797,111048,4,715,29.994,0.00,'14c471c4-b9d4-41a4-a7ad-bf3e339630ad','2023-06-01 00:00:00.000'),
        (71797,111049,5,716,29.994,0.00,'66fa5c4e-c414-46db-b1e4-f29c56817d59','2023-06-01 00:00:00.000'),
        (71797,111050,15,884,29.6945,0.05,'59634b96-5836-4e10-999a-4ecf310b3b16','2023-06-01 00:00:00.000'),
        (71797,111051,3,875,5.394,0.00,'37f87a70-ad19-4eed-b396-d1354ae8c08e','2023-06-01 00:00:00.000'),
        (71797,111052,4,860,14.694,0.00,'c197d7fc-0cda-4544-9556-0d890655e4f5','2023-06-01 00:00:00.000'),
        (71797,111053,6,712,5.394,0.00,'665b21ee-2695-4156-8375-24fdf16bad40','2023-06-01 00:00:00.000'),
        (71797,111054,10,880,32.994,0.00,'0992f82c-b35c-4eb3-b1e2-9c1884a48510','2023-06-01 00:00:00.000'),
        (71797,111055,6,873,1.374,0.00,'2324b995-dbf2-4792-b55d-5353428729d3','2023-06-01 00:00:00.000'),
        (71797,111056,10,876,72.00,0.00,'ed545dab-6bf4-4564-b2dd-2d31eb0ca083','2023-06-01 00:00:00.000'),
        (71797,111057,7,977,323.994,0.00,'0c938fed-3c16-450d-8937-3b039c9ddbd3','2023-06-01 00:00:00.000'),
        (71797,111058,2,798,672.294,0.00,'663dd90e-0941-419b-8493-6bb3e829f803','2023-06-01 00:00:00.000'),
        (71797,111059,2,813,72.162,0.00,'7ec7b3b1-62ea-4c3f-a287-6514be816d33','2023-06-01 00:00:00.000'),
        (71797,111060,4,939,37.254,0.00,'169f98ef-1ac7-4487-bc92-c801afcf0247','2023-06-01 00:00:00.000'),
        (71797,111061,2,801,672.294,0.00,'137ea529-e91d-404d-a2d4-5edd73467162','2023-06-01 00:00:00.000'),
        (71797,111062,6,998,323.994,0.00,'7bbd426b-5571-43ac-a63b-11b9801d83b5','2023-06-01 00:00:00.000'),
        (71797,111063,4,999,323.994,0.00,'da0727fc-962e-4444-a568-42279de31654','2023-06-01 00:00:00.000'),
        (71797,111064,3,938,24.294,0.00,'6bdf723f-e816-45ad-9285-5ed8e6504630','2023-06-01 00:00:00.000'),
        (71797,111065,5,794,1466.01,0.00,'1359b966-f7f4-4d6c-ae6b-99b5896b49b5','2023-06-01 00:00:00.000'),
        (71797,111066,2,795,1466.01,0.00,'45f214a2-543b-4211-95b1-7d2360f217b3','2023-06-01 00:00:00.000'),
        (71797,111067,10,797,672.294,0.00,'5002f031-d85d-42bf-81b0-a7784b9a66cb','2023-06-01 00:00:00.000'),
        (71797,111068,8,881,32.394,0.00,'838712d7-960e-40d1-a9b7-a03a3bbd8df0','2023-06-01 00:00:00.000'),
        (71797,111069,1,865,38.10,0.00,'68ff53c6-989f-4278-9d34-929348d02b54','2023-06-01 00:00:00.000'),
        (71797,111070,23,864,34.925,0.05,'ffe708c1-233c-40b2-8b8e-bc3ce6eea5af','2023-06-01 00:00:00.000'),
        (71797,111071,9,976,1020.594,0.00,'a671b89d-bf3b-4454-b0d7-bbbd2b92af1b','2023-06-01 00:00:00.000'),
        (71797,111072,17,877,4.3725,0.05,'923b946a-58b9-4bcd-b8ed-f4ac3e043ea5','2023-06-01 00:00:00.000'),
        (71797,111073,6,793,1466.01,0.00,'74f064e2-d628-404b-9661-15623d272b00','2023-06-01 00:00:00.000'),
        (71797,111074,3,974,1020.594,0.00,'fc7535c2-ac75-4926-9422-265bbb1c21b0','2023-06-01 00:00:00.000'),
        (71797,111075,6,707,20.994,0.00,'5890dfc7-792b-4562-8844-ec930524778d','2023-06-01 00:00:00.000'),
        (71797,111076,9,859,14.694,0.00,'43968865-c807-4590-ab6d-7207504e81f0','2023-06-01 00:00:00.000'),
        (71797,111077,5,973,1020.594,0.00,'2a9a17d3-50b5-45b2-bb62-2cf686b8c523','2023-06-01 00:00:00.000'),
        (71797,111078,11,870,2.8942,0.02,'e35d5ac3-be8e-4f38-aa41-55dfc2ffe751','2023-06-01 00:00:00.000'),
        (71797,111079,2,717,858.90,0.00,'3b938f0d-7a0f-4209-a324-371e85af3222','2023-06-01 00:00:00.000'),
        (71797,111080,4,858,14.694,0.00,'fed97e43-a1ce-4aec-8c2e-14cf69aefcb8','2023-06-01 00:00:00.000'),
        (71797,111081,4,836,356.898,0.00,'2cb6ffb5-8f2c-46e2-a363-d108facaa14d','2023-06-01 00:00:00.000'),
        (71797,111082,12,708,20.2942,0.02,'d04d7cf4-e057-42bb-9632-bbb00bb2414e','2023-06-01 00:00:00.000'),
        (71797,111083,2,822,356.898,0.00,'cbe01f20-ca7e-4c94-83fc-260fc350ea2d','2023-06-01 00:00:00.000'),
        (71815,111451,1,738,202.332,0.00,'810e5535-2bdb-4d83-b26d-796e5cff1a1b','2023-06-01 00:00:00.000'),
        (71815,111452,2,835,356.898,0.00,'daeb0cfa-807c-46ac-8458-ffccef36b5b2','2023-06-01 00:00:00.000'),
        (71815,111453,2,874,5.394,0.00,'09f90eb4-24de-4812-825e-45520602b437','2023-06-01 00:00:00.000'),
        (71816,111454,1,953,728.91,0.00,'b8a9720f-1f6f-4fe1-ad4a-ac70d4c905bd','2023-06-01 00:00:00.000'),
        (71816,111455,1,954,1430.442,0.00,'edc86c40-ecbd-45af-912b-ae37d177821a','2023-06-01 00:00:00.000'),
        (71816,111456,2,715,29.994,0.00,'9f7406e4-25c9-431a-9891-f419e3f5253d','2023-06-01 00:00:00.000'),
        (71816,111457,4,712,5.394,0.00,'ee2ce69c-24eb-47ff-ab6c-bd5aabdcd6e9','2023-06-01 00:00:00.000'),
        (71816,111458,3,883,32.394,0.00,'affbb13e-55a8-4fa8-9cd7-809b1816c30d','2023-06-01 00:00:00.000'),
        (71816,111459,1,961,445.41,0.00,'b4e5503b-0fd8-4f2f-8675-e899db180280','2023-06-01 00:00:00.000'),
        (71816,111460,1,948,63.90,0.00,'5f4f0aa9-acc6-4ef7-ab68-17d0748a5512','2023-06-01 00:00:00.000'),
        (71831,111790,2,869,41.994,0.00,'73bc96fd-863b-441c-aeea-25387c2d17ac','2023-06-01 00:00:00.000'),
        (71831,111791,1,782,1376.994,0.00,'a5f59647-47b7-48fc-9000-0830e623981a','2023-06-01 00:00:00.000'),
        (71831,111792,6,867,41.994,0.00,'14f64fdc-4405-47b4-965c-b4f506515e8a','2023-06-01 00:00:00.000'),
        (71832,111793,4,918,158.43,0.00,'e3fec901-9b4a-4873-8c34-74ae8600eb07','2023-06-01 00:00:00.000'),
        (71832,111794,3,983,461.694,0.00,'039e1c26-d1e9-43ec-a2a9-fb0b73f1872d','2023-06-01 00:00:00.000'),
        (71832,111795,2,781,1391.994,0.00,'2d9a186f-1f0e-40f1-8fa2-d459a04fbf83','2023-06-01 00:00:00.000'),
        (71832,111796,1,868,41.994,0.00,'68b0a471-b668-415a-8116-b285b4936395','2023-06-01 00:00:00.000'),
        (71832,111797,1,810,72.162,0.00,'e9bd1406-7ee1-4fd3-bb28-6f4b24d76218','2023-06-01 00:00:00.000'),
        (71832,111798,1,980,461.694,0.00,'b68452c3-17c1-4e61-bc1e-5543de5a428b','2023-06-01 00:00:00.000'),
        (71832,111799,2,925,149.874,0.00,'69af7aad-e3fb-497c-873e-f6f352ce7754','2023-06-01 00:00:00.000'),
        (71832,111800,2,985,112.998,0.40,'577d49d5-55b8-4d81-ad28-2ec13757cbc2','2023-06-01 00:00:00.000'),
        (71832,111801,1,908,16.272,0.00,'cc96c2f6-041d-4a67-a9fb-97a3cac5852e','2023-06-01 00:00:00.000'),
        (71832,111802,13,867,40.5942,0.02,'105f870d-f524-49cd-8f81-0ab5267abdbc','2023-06-01 00:00:00.000'),
        (71832,111803,3,782,1376.994,0.00,'a0a904f3-0180-4d33-adaa-54feeb64d511','2023-06-01 00:00:00.000'),
        (71832,111804,1,937,48.594,0.00,'ffae3aa6-0642-40fd-a7d1-c1e34d2df97c','2023-06-01 00:00:00.000'),
        (71832,111805,1,936,37.254,0.00,'bc390cda-1143-4091-b9a4-52a6ffff0857','2023-06-01 00:00:00.000'),
        (71832,111806,4,743,809.76,0.00,'0db92279-d76a-4868-9a47-856ec58093ab','2023-06-01 00:00:00.000'),
        (71832,111807,5,904,218.454,0.00,'ecb3f9c5-98fe-412b-a24a-a8eabe5dfb0d','2023-06-01 00:00:00.000'),
        (71832,111808,1,748,818.70,0.00,'1841e141-8fcb-42ea-9f66-c4e1264fa470','2023-06-01 00:00:00.000'),
        (71832,111809,1,910,31.584,0.00,'db5d32d2-526d-4277-a303-5a78e328eaeb','2023-06-01 00:00:00.000'),
        (71832,111810,5,784,1376.994,0.00,'93b73ee3-9095-4bce-b3b4-53fda99c86c8','2023-06-01 00:00:00.000'),
        (71832,111811,2,990,323.994,0.00,'77eee4d0-5fac-4b5e-8aa6-e25e32d831ec','2023-06-01 00:00:00.000'),
        (71832,111812,3,992,323.994,0.00,'2856eb25-5ae5-4795-ae0d-1c23c9d03dc5','2023-06-01 00:00:00.000'),
        (71832,111813,3,984,112.998,0.40,'f8d67ec8-224e-467d-b895-a784e5149611','2023-06-01 00:00:00.000'),
        (71832,111814,1,779,1391.994,0.00,'a76f6c50-6117-4b58-be8e-6ebc0e39ecd1','2023-06-01 00:00:00.000'),
        (71832,111815,1,780,1391.994,0.00,'478b4d27-07e7-4abe-8f61-a6d8cc51f56c','2023-06-01 00:00:00.000'),
        (71832,111816,2,944,158.43,0.00,'237090d9-66b6-462b-8fa4-6cc863438eac','2023-06-01 00:00:00.000'),
        (71832,111817,1,808,26.724,0.00,'591fb165-4cad-4174-9274-9c807515d84e','2023-06-01 00:00:00.000'),
        (71832,111818,1,809,37.152,0.00,'7249f4a6-663a-4470-9119-5ab1de2b9da8','2023-06-01 00:00:00.000'),
        (71832,111819,3,935,24.294,0.00,'40108ade-ff72-43cd-a59f-9304173ce49f','2023-06-01 00:00:00.000'),
        (71832,111820,1,926,149.874,0.00,'da725a68-7da4-4fe3-b9bd-a23f655ecec0','2023-06-01 00:00:00.000'),
        (71832,111821,6,917,158.43,0.00,'cfe87323-1bca-4443-b4e5-05177fd80e7d','2023-06-01 00:00:00.000'),
        (71832,111822,1,920,158.43,0.00,'dcf6c95d-a0e4-4272-bff8-6b06b7f9574f','2023-06-01 00:00:00.000'),
        (71845,112118,2,988,112.998,0.40,'6ab3b1f6-9144-4d4e-b13e-f531320e72a8','2023-06-01 00:00:00.000'),
        (71845,112119,2,948,63.90,0.00,'3a8cd181-cf26-46f3-ad02-d8889ecb8af4','2023-06-01 00:00:00.000'),
        (71845,112120,4,904,218.454,0.00,'97d364ac-d0ae-48dc-a823-ba5238ba066e','2023-06-01 00:00:00.000'),
        (71845,112121,3,742,818.70,0.00,'e17b8e63-47d7-4804-98a0-6937e1954316','2023-06-01 00:00:00.000'),
        (71845,112122,2,780,1391.994,0.00,'a5c1d20d-ec2b-417b-a366-722782c1540f','2023-06-01 00:00:00.000'),
        (71845,112123,1,945,54.894,0.00,'2a80c324-fdd4-4866-90ed-a023aa53c48c','2023-06-01 00:00:00.000'),
        (71845,112124,3,949,105.294,0.00,'a2c4eba1-132b-42ce-8916-b55ec13f343b','2023-06-01 00:00:00.000'),
        (71845,112125,2,937,48.594,0.00,'19e76f92-20cf-49d6-9d54-c699f9e48ff3','2023-06-01 00:00:00.000'),
        (71845,112126,2,867,41.994,0.00,'1a7ca6cf-03e6-4f90-ad08-f076f604b276','2023-06-01 00:00:00.000'),
        (71845,112127,1,748,818.70,0.00,'d57d58ee-fe30-404c-982a-577c3a2ea7f1','2023-06-01 00:00:00.000'),
        (71845,112128,2,905,218.454,0.00,'4ac896fa-31bf-46dc-9ded-56652060e36a','2023-06-01 00:00:00.000'),
        (71845,112129,2,781,1391.994,0.00,'533d7438-e8be-4b48-aea9-7148179f1db8','2023-06-01 00:00:00.000'),
        (71845,112130,3,869,41.994,0.00,'69dc8ddc-05b1-48c8-ad7d-c9ce63db81a0','2023-06-01 00:00:00.000'),
        (71845,112131,5,783,1376.994,0.00,'70180211-6c38-4bb5-9317-a5784a1410b2','2023-06-01 00:00:00.000'),
        (71845,112132,2,784,1376.994,0.00,'a2674906-53b9-4fe6-bc74-10946e47f110','2023-06-01 00:00:00.000'),
        (71845,112133,1,951,242.994,0.00,'a1d9629f-cdbe-4122-bcd8-f3190d8bbf26','2023-06-01 00:00:00.000'),
        (71845,112134,3,747,809.76,0.00,'a5b7a860-b0d0-4b1e-9a06-084fb278b0a6','2023-06-01 00:00:00.000'),
        (71845,112135,1,809,37.152,0.00,'cb494781-2ef4-4bda-8eff-27132eb102c4','2023-06-01 00:00:00.000'),
        (71845,112136,2,920,158.43,0.00,'08a04e11-cda0-4d3e-8675-514a0097cd65','2023-06-01 00:00:00.000'),
        (71845,112137,2,743,809.76,0.00,'7ace9864-8050-4552-82d1-751c489b18ed','2023-06-01 00:00:00.000'),
        (71845,112138,2,715,29.994,0.00,'d9a12019-84e7-4907-bf8e-73bc352e490f','2023-06-01 00:00:00.000'),
        (71845,112139,2,944,158.43,0.00,'af14ab19-019b-44ba-ad76-248ee2a086b3','2023-06-01 00:00:00.000'),
        (71845,112140,1,808,26.724,0.00,'70ebcded-684d-4bc9-86f9-94cae06b9d28','2023-06-01 00:00:00.000'),
        (71845,112141,8,909,23.484,0.00,'46a1c88a-cf3a-45ef-b6ce-8bd817e1553b','2023-06-01 00:00:00.000'),
        (71845,112142,2,925,149.874,0.00,'4fc2f213-b5f0-4acf-8948-209292a52dc9','2023-06-01 00:00:00.000'),
        (71845,112143,2,782,1376.994,0.00,'d7fc6800-1702-4636-a46a-e207ad934c43','2023-06-01 00:00:00.000'),
        (71845,112144,2,910,31.584,0.00,'74988939-9b08-48b6-89bc-b2baf823d33a','2023-06-01 00:00:00.000'),
        (71845,112145,3,996,72.894,0.00,'b26b5113-f4e3-4099-bea0-1b92f27b1ab6','2023-06-01 00:00:00.000'),
        (71845,112146,3,779,1391.994,0.00,'11398c15-e0dc-41a1-8e2f-6b2a230aa639','2023-06-01 00:00:00.000'),
        (71845,112147,4,924,149.874,0.00,'dc8a797c-44e2-435f-836d-349b93107d43','2023-06-01 00:00:00.000'),
        (71845,112148,3,952,12.144,0.00,'fe78c429-1237-4b76-b709-88abe25c9f21','2023-06-01 00:00:00.000'),
        (71846,112149,2,936,37.254,0.00,'7232fd67-8db7-42f8-ad0d-6185299430f1','2023-06-01 00:00:00.000'),
        (71846,112150,1,739,818.70,0.00,'9a32772b-9b98-4b22-aa2b-f4e5ffd2a23e','2023-06-01 00:00:00.000'),
        (71846,112151,1,984,112.998,0.40,'78557d82-1267-4f7c-93a7-e53ae2a3a85c','2023-06-01 00:00:00.000'),
        (71846,112152,2,981,461.694,0.00,'3a26f840-c413-4bef-aeff-b8d6218698e6','2023-06-01 00:00:00.000'),
        (71856,112331,1,962,445.41,0.00,'62b3d72f-3586-40ac-a24e-a6f07eb7ca4a','2023-06-01 00:00:00.000'),
        (71856,112332,1,945,54.894,0.00,'4733918f-da34-4d30-b5b4-32f7537e609d','2023-06-01 00:00:00.000'),
        (71858,112359,3,979,445.41,0.00,'d480d98b-7a82-4f10-83cc-1eea54303ecf','2023-06-01 00:00:00.000'),
        (71858,112360,1,962,445.41,0.00,'f13adc78-c384-40e9-9456-277a736625a8','2023-06-01 00:00:00.000'),
        (71858,112361,1,953,728.91,0.00,'6781a019-346f-4f87-a8a3-4727a2528b2e','2023-06-01 00:00:00.000'),
        (71858,112362,2,715,29.994,0.00,'00aaea22-fcc5-4df2-9b2b-7b4be5231d7f','2023-06-01 00:00:00.000'),
        (71858,112363,2,883,32.394,0.00,'462bc7d6-8cc7-4713-931c-7690019ab694','2023-06-01 00:00:00.000'),
        (71858,112364,1,957,1430.442,0.00,'f3e626bc-a6ab-431e-aa58-e208d07039a5','2023-06-01 00:00:00.000'),
        (71858,112365,2,965,445.41,0.00,'835734ab-162b-40fe-84f2-8510c9a68a36','2023-06-01 00:00:00.000'),
        (71858,112366,1,952,12.144,0.00,'e7efba7e-f973-492f-bb76-ca5f185c629f','2023-06-01 00:00:00.000'),
        (71858,112367,2,948,63.90,0.00,'48a6ceb9-c22b-4574-b9d4-088edbf955c2','2023-06-01 00:00:00.000'),
        (71858,112368,1,945,54.894,0.00,'0ca930d8-078d-478a-b94d-d5f15bb07d02','2023-06-01 00:00:00.000'),
        (71858,112369,1,972,728.91,0.00,'efe61dff-2022-4ef0-b71e-7ff264555666','2023-06-01 00:00:00.000'),
        (71858,112370,1,877,4.77,0.00,'61372f55-e0c1-48b6-9ffa-a19294b96fa9','2023-06-01 00:00:00.000'),
        (71858,112371,1,958,445.41,0.00,'8ad90b76-e54d-43c5-ab86-cf3ada30699a','2023-06-01 00:00:00.000'),
        (71858,112372,1,969,1430.442,0.00,'7390968a-51ba-4ef1-810a-4fc528c299ad','2023-06-01 00:00:00.000'),
        (71858,112373,2,961,445.41,0.00,'e6d7d002-c0b4-4d61-bc20-37b76f5d2100','2023-06-01 00:00:00.000'),
        (71858,112374,2,966,1430.442,0.00,'f6278ac8-8905-4b81-af98-ab13b53438e9','2023-06-01 00:00:00.000'),
        (71858,112375,3,712,5.394,0.00,'1dc5a90d-b949-464d-9615-59a31fc99d43','2023-06-01 00:00:00.000'),
        (71863,112391,11,875,5.2142,0.02,'a5b6a9c0-d946-41b4-b8b5-5833708e40f1','2023-06-01 00:00:00.000'),
        (71863,112392,2,874,5.394,0.00,'54c630c8-28ff-4680-8a71-177af05289de','2023-06-01 00:00:00.000'),
        (71863,112393,2,998,323.994,0.00,'6cd9cd06-abdc-4702-a2d8-31158afffae0','2023-06-01 00:00:00.000'),
        (71863,112394,1,973,1020.594,0.00,'e70f8c24-1bae-40c7-ac9e-0f344d73fbe4','2023-06-01 00:00:00.000'),
        (71863,112395,1,711,20.994,0.00,'78a6e36f-c8a7-42d7-bb3d-d0228bd380dc','2023-06-01 00:00:00.000'),
        (71863,112396,3,999,323.994,0.00,'d9cc6a31-7cff-485f-bb62-c92efa59fd7c','2023-06-01 00:00:00.000'),
        (71863,112397,2,938,24.294,0.00,'d64f8fc1-4c97-496d-927a-ee63e3267041','2023-06-01 00:00:00.000'),
        (71867,112452,1,717,858.90,0.00,'4a001055-b1f1-414c-88b0-b583daca838b','2023-06-01 00:00:00.000'),
        (71885,112644,3,876,72.00,0.00,'a2577a76-e272-49e3-b195-ad8492ddf924','2023-06-01 00:00:00.000'),
        (71885,112645,6,884,32.394,0.00,'5699d8a7-525e-491e-81bc-4bac286ead6a','2023-06-01 00:00:00.000'),
        (71885,112646,3,864,38.10,0.00,'d4f591cf-eade-4964-b9d7-e6a9332b0fbb','2023-06-01 00:00:00.000'),
        (71895,112864,2,909,23.484,0.00,'03821b63-8b09-40b2-9cde-57f250734682','2023-06-01 00:00:00.000'),
        (71895,112865,2,715,29.994,0.00,'960a75ef-4ae1-4772-b472-19f4202b30fa','2023-06-01 00:00:00.000'),
        (71895,112866,3,864,38.10,0.00,'61ab1ae2-6d87-494b-b89a-76067578eab8','2023-06-01 00:00:00.000'),
        (71897,112898,1,966,1430.442,0.00,'a101cf4e-eb6f-43bd-b4b2-9dfe8288929e','2023-06-01 00:00:00.000'),
        (71897,112899,4,979,445.41,0.00,'3ccc87c5-a8af-4b86-8189-fa484fb0b534','2023-06-01 00:00:00.000'),
        (71897,112900,3,969,1430.442,0.00,'5178aa61-aca4-4def-99ac-ef614bb5d5ea','2023-06-01 00:00:00.000'),
        (71897,112901,3,884,32.394,0.00,'0e449034-3815-4952-b7ab-8883687e5e3b','2023-06-01 00:00:00.000'),
        (71897,112902,4,712,5.394,0.00,'0a3dff58-2da3-4430-a1d9-b8592db22b5b','2023-06-01 00:00:00.000'),
        (71897,112903,2,954,1430.442,0.00,'aad85fb3-9f73-4531-bd84-5449266d0909','2023-06-01 00:00:00.000'),
        (71897,112904,1,864,38.10,0.00,'ece19cf9-7e88-4ac8-88e4-7b47f2ec1a77','2023-06-01 00:00:00.000'),
        (71897,112905,1,948,63.90,0.00,'065a6eb9-8a87-41f7-8abe-30fdf5e08e87','2023-06-01 00:00:00.000'),
        (71898,112906,3,969,1430.442,0.00,'f4048a1b-c520-4a15-9c05-efbf4253f7ee','2023-06-01 00:00:00.000'),
        (71898,112907,4,978,445.41,0.00,'1ae7fccb-b9aa-4a2c-a199-7d6d61a7db47','2023-06-01 00:00:00.000'),
        (71898,112908,4,996,72.894,0.00,'3d7660f5-b76f-4e68-8508-bf84b9c26317','2023-06-01 00:00:00.000'),
        (71898,112909,6,967,1430.442,0.00,'f97bc897-377f-465a-a3db-31d360e360ef','2023-06-01 00:00:00.000'),
        (71898,112910,3,970,728.91,0.00,'4778038a-7634-44ff-9d24-91b1e4b50a4c','2023-06-01 00:00:00.000'),
        (71898,112911,1,956,1430.442,0.00,'785694cc-4d93-4afb-97db-d67c4a9a344a','2023-06-01 00:00:00.000'),
        (71898,112912,3,960,445.41,0.00,'d63e1c95-390b-4bd3-ac1d-08d434ae4b59','2023-06-01 00:00:00.000'),
        (71898,112913,3,994,32.394,0.00,'6338d54e-5983-4139-a3b4-6cce783b99f8','2023-06-01 00:00:00.000'),
        (71898,112914,1,959,445.41,0.00,'bb18183b-5006-4fea-ad25-5f61f936e8c7','2023-06-01 00:00:00.000'),
        (71898,112915,4,968,1430.442,0.00,'ddd89c33-48a8-402e-98e3-d1672fa1ab15','2023-06-01 00:00:00.000'),
        (71898,112916,3,966,1430.442,0.00,'4791d9df-bfe6-46ff-8d6c-9af903b3d391','2023-06-01 00:00:00.000'),
        (71898,112917,5,972,728.91,0.00,'905add5b-c258-4a0d-afab-cbdfba6b25f1','2023-06-01 00:00:00.000'),
        (71898,112918,4,949,105.294,0.00,'eb88f353-60bc-4f70-b7b6-aed5a2c39764','2023-06-01 00:00:00.000'),
        (71898,112919,1,958,445.41,0.00,'b596f5b6-b07f-4aa3-943f-528436bdebd0','2023-06-01 00:00:00.000'),
        (71898,112920,3,945,54.894,0.00,'198a573c-b3e4-4cf5-bfa1-309bae00d735','2023-06-01 00:00:00.000'),
        (71898,112921,5,971,728.91,0.00,'c28a061d-3e89-487a-99ae-17be169c6ad3','2023-06-01 00:00:00.000'),
        (71898,112922,2,953,728.91,0.00,'84d31325-130d-47c0-8958-5310eb85f518','2023-06-01 00:00:00.000'),
        (71898,112923,1,889,602.346,0.00,'5ca4f84a-bafe-485c-b7ad-897f741f76ce','2023-06-01 00:00:00.000'),
        (71898,112924,1,955,1430.442,0.00,'0a7c971a-d30f-4743-b2ca-5ad8daabbf1b','2023-06-01 00:00:00.000'),
        (71898,112925,3,964,445.41,0.00,'dad93612-0446-4393-8981-36f6e1cc2e8a','2023-06-01 00:00:00.000'),
        (71898,112926,3,916,31.584,0.00,'fbcd9efd-97ac-4a2e-8e37-8956519eadb9','2023-06-01 00:00:00.000'),
        (71898,112927,1,948,63.90,0.00,'8e3024f1-3732-4121-91e6-69e69057dca9','2023-06-01 00:00:00.000'),
        (71898,112928,3,979,445.41,0.00,'99fadf0a-60b8-4f2f-b3a7-16bbd2435796','2023-06-01 00:00:00.000'),
        (71898,112929,3,951,242.994,0.00,'edaafadd-1974-4013-953c-ffa991f8ad06','2023-06-01 00:00:00.000'),
        (71898,112930,3,954,1430.442,0.00,'b2eb253f-ed64-4f38-85dc-11f8ca18867a','2023-06-01 00:00:00.000'),
        (71898,112931,1,952,12.144,0.00,'a1f83341-9d19-4fe6-bc71-f7f717f92d2b','2023-06-01 00:00:00.000'),
        (71898,112932,5,965,445.41,0.00,'3c97f6bd-91ec-4c84-9636-e088b415ee51','2023-06-01 00:00:00.000'),
        (71898,112933,2,961,445.41,0.00,'e11cf974-4dcc-4a5c-98c3-2de92dd2a15d','2023-06-01 00:00:00.000'),
        (71899,112934,2,881,32.394,0.00,'f36b652a-e1da-4cc2-accc-25ade6f5b44c','2023-06-01 00:00:00.000'),
        (71899,112935,1,988,112.998,0.40,'5093928d-08c4-44ea-bcc2-8e392c652d5c','2023-06-01 00:00:00.000'),
        (71899,112936,1,981,461.694,0.00,'95e3c4a3-c37b-48f7-a362-79a42c4c5ab9','2023-06-01 00:00:00.000'),
        (71899,112937,1,743,809.76,0.00,'720691a3-f983-4c72-bca1-baabf1d24914','2023-06-01 00:00:00.000'),
        (71899,112938,1,808,26.724,0.00,'d88cc408-801c-4e08-b2d2-5bad00178f10','2023-06-01 00:00:00.000'),
        (71899,112939,2,714,29.994,0.00,'8ec0cd34-88bf-48cb-adbe-511d82315647','2023-06-01 00:00:00.000'),
        (71899,112940,2,944,158.43,0.00,'6779a375-6da6-40b0-b740-31c9a0974c98','2023-06-01 00:00:00.000'),
        (71899,112941,1,937,48.594,0.00,'69efdbde-3ed6-4654-b6c8-0ebfe4070b08','2023-06-01 00:00:00.000'),
        (71902,112953,5,780,1391.994,0.00,'d87846f2-7f8a-4873-b957-b0cf08ab7b42','2023-06-01 00:00:00.000'),
        (71902,112954,2,981,461.694,0.00,'e166159a-d1c1-448e-a5b1-cdfb19a39c2e','2023-06-01 00:00:00.000'),
        (71902,112955,1,904,218.454,0.00,'17a34bcb-5542-4f94-b709-3a20e6e2d811','2023-06-01 00:00:00.000'),
        (71902,112956,1,987,112.998,0.40,'0fee9397-5db3-46aa-ae1b-4ab85321f56a','2023-06-01 00:00:00.000'),
        (71902,112957,7,783,1376.994,0.00,'bfde6ff0-e6fd-488a-aa78-c06c85686878','2023-06-01 00:00:00.000'),
        (71902,112958,5,781,1391.994,0.00,'912c572f-808f-4328-9b19-e9970d4cd78a','2023-06-01 00:00:00.000'),
        (71902,112959,2,859,14.694,0.00,'460d0ea3-c6b0-40f4-bc16-88df7913f56f','2023-06-01 00:00:00.000'),
        (71902,112960,7,869,41.994,0.00,'9054e260-b941-47a7-8fc9-a59e4e5ce74f','2023-06-01 00:00:00.000'),
        (71902,112961,2,908,16.272,0.00,'06f6b747-fd45-4d42-90f5-333489c3189f','2023-06-01 00:00:00.000'),
        (71902,112962,3,712,5.394,0.00,'f1f4a541-e3ad-4c02-abb8-a630b1176002','2023-06-01 00:00:00.000'),
        (71902,112963,1,925,149.874,0.00,'7e476de8-d4b9-4f25-9107-9629c5d3bc15','2023-06-01 00:00:00.000'),
        (71902,112964,2,937,48.594,0.00,'0ab7ddca-db76-4a1e-9aca-4509a63ecfea','2023-06-01 00:00:00.000'),
        (71902,112965,3,992,323.994,0.00,'775b1bd0-00b8-45a6-a16b-a26438868755','2023-06-01 00:00:00.000'),
        (71902,112966,3,980,461.694,0.00,'f146012f-1385-4bab-94aa-87c0b98ce494','2023-06-01 00:00:00.000'),
        (71902,112967,3,715,29.994,0.00,'47433aff-c5a3-48d5-a7d5-5bf6d4d3010a','2023-06-01 00:00:00.000'),
        (71902,112968,4,935,24.294,0.00,'94ece99c-0a6d-4a2e-bddd-4468841e754b','2023-06-01 00:00:00.000'),
        (71902,112969,1,989,323.994,0.00,'bd01d5a2-1626-4bd4-9b62-ce1c96603731','2023-06-01 00:00:00.000'),
        (71902,112970,4,984,112.998,0.40,'163c96ab-42c9-411c-b8c5-58900e75a3e7','2023-06-01 00:00:00.000'),
        (71902,112971,2,982,461.694,0.00,'c5db243b-4b7e-4b4c-9d31-0d0cfd9472db','2023-06-01 00:00:00.000'),
        (71902,112972,8,782,1376.994,0.00,'0a47c60c-01b1-4354-8f74-1449929dd118','2023-06-01 00:00:00.000'),
        (71902,112973,2,784,1376.994,0.00,'6f70d41d-8cbf-4364-833c-77c0b7014246','2023-06-01 00:00:00.000'),
        (71902,112974,1,810,72.162,0.00,'79f49a8f-7f7b-459c-b8cb-3331e83803a9','2023-06-01 00:00:00.000'),
        (71902,112975,1,926,149.874,0.00,'f2064e41-044a-4a42-9342-fb45be83eb88','2023-06-01 00:00:00.000'),
        (71902,112976,3,714,29.994,0.00,'89639f66-7bc7-456d-bdf5-0dbb55bd5a20','2023-06-01 00:00:00.000'),
        (71902,112977,7,870,2.994,0.00,'3730d783-97d7-4e3d-8b70-1f0159565d4d','2023-06-01 00:00:00.000'),
        (71902,112978,4,876,72.00,0.00,'7c17713b-9924-4aee-8f84-bee799fd4722','2023-06-01 00:00:00.000'),
        (71902,112979,5,877,4.77,0.00,'8d6e8186-184b-4db1-81f7-57433979c931','2023-06-01 00:00:00.000'),
        (71902,112980,2,707,20.994,0.00,'212b53d0-3779-4fe6-b886-8dda35e8c81a','2023-06-01 00:00:00.000'),
        (71902,112981,1,993,323.994,0.00,'252017a4-e2c0-4e3e-a6ad-abdfd8de5108','2023-06-01 00:00:00.000'),
        (71902,112982,6,864,38.10,0.00,'5237ea9e-09f6-4b3b-9ed2-dc7d42149a5a','2023-06-01 00:00:00.000'),
        (71902,112983,7,867,41.994,0.00,'64242be0-a1c4-473d-b34b-e2b9d8db3a8b','2023-06-01 00:00:00.000'),
        (71902,112984,2,809,37.152,0.00,'ef76f770-c6fc-4417-b84b-27f3ebd55265','2023-06-01 00:00:00.000'),
        (71902,112985,3,988,112.998,0.40,'09e7a695-3260-483e-91f8-a980441b9dd6','2023-06-01 00:00:00.000'),
        (71902,112986,5,880,32.994,0.00,'50d440ae-4e4a-469a-be69-95e238392b28','2023-06-01 00:00:00.000'),
        (71902,112987,1,936,37.254,0.00,'f98582c9-3c42-4ad1-8d30-b99fcac7eb20','2023-06-01 00:00:00.000'),
        (71902,112988,4,708,20.994,0.00,'d1304741-d1cb-4594-ae1a-9e794699e447','2023-06-01 00:00:00.000'),
        (71902,112989,3,779,1391.994,0.00,'ec3b8e1a-b21e-4c5d-a63f-7a5ed4305fca','2023-06-01 00:00:00.000'),
        (71902,112990,2,991,323.994,0.00,'7a5def9c-3416-4403-8a59-459e054d73fc','2023-06-01 00:00:00.000'),
        (71902,112991,5,883,32.394,0.00,'5c7825f8-aa47-4c4d-8967-2ce6c0dbf848','2023-06-01 00:00:00.000'),
        (71902,112992,1,910,31.584,0.00,'5dcce359-9296-4e50-88ed-0fb20f7c39bb','2023-06-01 00:00:00.000'),
        (71902,112993,2,881,32.394,0.00,'7add4116-51d9-4742-8dad-c298e3ecc1ea','2023-06-01 00:00:00.000'),
        (71902,112994,5,985,112.998,0.40,'a4bb8550-9d18-4837-9944-92df955382b8','2023-06-01 00:00:00.000'),
        (71902,112995,7,711,20.994,0.00,'4b4f24a7-6007-497d-8026-3325412855ff','2023-06-01 00:00:00.000'),
        (71902,112996,1,986,112.998,0.40,'a86e4946-b7db-4577-a236-9200fbfdb473','2023-06-01 00:00:00.000'),
        (71902,112997,7,748,818.70,0.00,'f4876c84-dfc4-4405-8d02-9e2645cecd05','2023-06-01 00:00:00.000'),
        (71902,112998,5,884,32.394,0.00,'2bc75480-60da-4e31-b776-f7bbef432c16','2023-06-01 00:00:00.000'),
        (71902,112999,2,918,158.43,0.00,'a4701e96-2541-4a35-902f-f241f9d79c9d','2023-06-01 00:00:00.000'),
        (71902,113000,3,905,218.454,0.00,'3adaf197-93f2-433b-bc8a-35fa25fe4172','2023-06-01 00:00:00.000'),
        (71902,113001,4,983,461.694,0.00,'c58fd8f6-fcbc-4a9a-8919-858db6709ce3','2023-06-01 00:00:00.000'),
        (71902,113002,6,865,38.10,0.00,'da8f6556-76de-42ad-8a9a-9664b87b3078','2023-06-01 00:00:00.000'),
        (71915,113089,3,836,356.898,0.00,'aa3c697d-653d-4d79-b824-b92672fe8b9e','2023-06-01 00:00:00.000'),
        (71915,113090,2,738,202.332,0.00,'c3888abc-6c37-44f8-95c2-c014f4a8b999','2023-06-01 00:00:00.000'),
        (71915,113091,4,938,24.294,0.00,'8176abde-ba97-4615-975b-e8fe6287c1d4','2023-06-01 00:00:00.000'),
        (71915,113092,3,939,37.254,0.00,'f36a30a7-8d42-456c-b69f-9886545954d9','2023-06-01 00:00:00.000'),
        (71915,113093,1,940,48.594,0.00,'d97c6ced-940a-4a42-a65d-6c6f5397eebf','2023-06-01 00:00:00.000'),
        (71917,113100,7,875,5.394,0.00,'4bb98b71-6294-41e4-9413-d9dde375ca5d','2023-06-01 00:00:00.000'),
        (71920,113139,1,973,1020.594,0.00,'ded76307-d4f3-404f-96fe-43087f1deb35','2023-06-01 00:00:00.000'),
        (71920,113140,3,938,24.294,0.00,'1da9ef0c-f53b-41b9-bce5-f5b6a379a141','2023-06-01 00:00:00.000'),
        (71920,113141,1,976,1020.594,0.00,'5b5eaf22-87a1-430f-90ba-ee722d285694','2023-06-01 00:00:00.000'),
        (71920,113142,7,884,32.394,0.00,'8a1d6fad-637b-4088-81bd-4f8e3e8baf16','2023-06-01 00:00:00.000'),
        (71920,113143,3,864,38.10,0.00,'dc08d140-4146-4137-a2fd-950f9e783a1b','2023-06-01 00:00:00.000'),
        (71920,113144,1,876,72.00,0.00,'988e64d9-7db3-4613-a379-caba1ef8f752','2023-06-01 00:00:00.000'),
        (71923,113152,1,870,2.994,0.00,'ef4f992e-9fd3-4f31-a5a8-e3846de82290','2023-06-01 00:00:00.000'),
        (71923,113153,4,874,5.394,0.00,'dbd6974d-a99b-42aa-8ec0-9cdff8657aa7','2023-06-01 00:00:00.000'),
        (71923,113154,14,875,5.2142,0.02,'c13bedec-b48c-4fc6-ad8e-4c6689eedb48','2023-06-01 00:00:00.000'),
        (71935,113219,3,874,5.394,0.00,'040cb9c0-2438-471e-8749-82adad28b256','2023-06-01 00:00:00.000'),
        (71935,113220,1,938,24.294,0.00,'4e1898ff-672d-4a55-b3c0-ce524b17364c','2023-06-01 00:00:00.000'),
        (71935,113221,3,973,1020.594,0.00,'feba8a52-dd90-4986-aade-45da31521226','2023-06-01 00:00:00.000'),
        (71935,113222,2,976,1020.594,0.00,'22cdfaf4-d15d-4301-8066-5fa1abfcf987','2023-06-01 00:00:00.000'),
        (71935,113223,1,998,323.994,0.00,'a6e8d782-457a-413e-8ed9-ed74f8353cd9','2023-06-01 00:00:00.000'),
        (71935,113224,13,875,5.2142,0.02,'3c4e9e2d-f15f-4d2a-8155-ab8c21b4f540','2023-06-01 00:00:00.000')
        -- (71936,113225,3,944,158.43,0.00,'4db061b0-ede3-420b-b998-acd51e94646a','2023-06-01 00:00:00.000'),
        -- (71936,113226,4,985,112.998,0.40,'6df0630c-72a7-4313-b23c-7cd5b7b9e2b2','2023-06-01 00:00:00.000'),
        -- (71936,113227,4,996,72.894,0.00,'59cdb581-d059-4e2f-80b2-4fa82fd61bd5','2023-06-01 00:00:00.000'),
        -- (71936,113228,1,707,20.994,0.00,'b1a85c0f-2891-4412-b866-dad7f0b35796','2023-06-01 00:00:00.000'),
        -- (71936,113229,1,926,149.874,0.00,'b9961e3a-66a8-466f-941b-14a6858e1eb3','2023-06-01 00:00:00.000'),
        -- (71936,113230,4,808,26.724,0.00,'67eb5e24-9231-4656-b19d-27998d6d707d','2023-06-01 00:00:00.000'),
        -- (71936,113231,5,992,323.994,0.00,'b8acc9dc-2442-429c-b523-34ca3453e3b8','2023-06-01 00:00:00.000'),
        -- (71936,113232,6,951,242.994,0.00,'0b908c0c-dbee-485a-b45b-52e3d0f789f2','2023-06-01 00:00:00.000'),
        -- (71936,113233,3,780,1391.994,0.00,'afcdc337-6775-486c-bd57-2e2729931857','2023-06-01 00:00:00.000'),
        -- (71936,113234,2,905,218.454,0.00,'49fb0e07-067c-4426-9718-90b4de97bba1','2023-06-01 00:00:00.000'),
        -- (71936,113235,4,747,809.76,0.00,'c0ae4496-d051-4f21-80ef-141af9cfa5eb','2023-06-01 00:00:00.000'),
        -- (71936,113236,14,867,40.5942,0.02,'59bea0ec-82e3-4e0a-b1a6-5b9a3c1a6fde','2023-06-01 00:00:00.000'),
        -- (71936,113237,3,935,24.294,0.00,'88d401b9-71d2-42d0-abd2-0b2e9fd92a05','2023-06-01 00:00:00.000'),
        -- (71936,113238,5,945,54.894,0.00,'3ced642f-ce77-4dce-9f38-3babc74761e1','2023-06-01 00:00:00.000'),
        -- (71936,113239,5,924,149.874,0.00,'d4ee51cf-e27f-435f-ae5b-2cd7b7dd49ae','2023-06-01 00:00:00.000'),
        -- (71936,113240,10,783,1376.994,0.00,'e30ea1fb-b08d-43bb-9a15-b6986843b5b4','2023-06-01 00:00:00.000'),
        -- (71936,113241,5,784,1376.994,0.00,'f238261c-b9d4-40e7-9c98-759e95356eb5','2023-06-01 00:00:00.000'),
        -- (71936,113242,5,748,818.70,0.00,'67605e69-ca8e-4471-a9ef-5d673b823919','2023-06-01 00:00:00.000'),
        -- (71936,113243,2,981,461.694,0.00,'8dcc225d-27e8-4bf1-9a51-af1a25c6eb7c','2023-06-01 00:00:00.000'),
        -- (71936,113244,5,894,72.876,0.00,'174a0011-0cd4-44ce-952b-cea83042a4c9','2023-06-01 00:00:00.000'),
        -- (71936,113245,4,779,1391.994,0.00,'4ac5ad5e-e0f0-4a70-ae6b-ce200178e737','2023-06-01 00:00:00.000'),
        -- (71936,113246,8,782,1376.994,0.00,'f8d766df-bf52-4035-9471-a530c2b56417','2023-06-01 00:00:00.000'),
        -- (71936,113247,8,869,41.994,0.00,'7c317b19-9d14-4b2f-99d5-21870e899106','2023-06-01 00:00:00.000'),
        -- (71936,113248,3,952,12.144,0.00,'12e5ac5b-c887-46e6-8b09-e09203100879','2023-06-01 00:00:00.000'),
        -- (71936,113249,3,949,105.294,0.00,'07e3f54b-ae6b-4384-8f47-dbe2c153bdc0','2023-06-01 00:00:00.000'),
        -- (71936,113250,5,937,48.594,0.00,'3fda5638-56ea-411a-a131-01cf7ac0d771','2023-06-01 00:00:00.000'),
        -- (71936,113251,3,910,31.584,0.00,'b5ed275f-49ed-4f4b-b3a7-48b9cf8dd9be','2023-06-01 00:00:00.000'),
        -- (71936,113252,2,917,158.43,0.00,'8b718b1f-ae37-4d80-b1fb-afefa0fff6e1','2023-06-01 00:00:00.000'),
        -- (71936,113253,3,994,32.394,0.00,'9a169c16-6718-472b-9b8e-f08287ade9b1','2023-06-01 00:00:00.000'),
        -- (71936,113254,1,984,112.998,0.40,'7d17325c-f7f4-4c3b-af45-3759e79be956','2023-06-01 00:00:00.000'),
        -- (71936,113255,6,860,14.694,0.00,'104e28ad-a3bc-4dac-ae92-b5a5dd122cf9','2023-06-01 00:00:00.000'),
        -- (71936,113256,4,948,63.90,0.00,'409bc176-624a-4b03-b400-6a781a689213','2023-06-01 00:00:00.000'),
        -- (71936,113257,6,925,149.874,0.00,'f186ec8c-c220-45f5-b2f1-a71f776de245','2023-06-01 00:00:00.000'),
        -- (71936,113258,3,908,16.272,0.00,'1e23a432-f5bb-43a0-ac92-2b1e7c950a72','2023-06-01 00:00:00.000'),
        -- (71936,113259,1,918,158.43,0.00,'d974fa30-9e36-45f9-9985-1a1105ca87cd','2023-06-01 00:00:00.000'),
        -- (71936,113260,4,743,809.76,0.00,'60c0ecc9-3f6c-4c08-8dc5-c45a07ddb50f','2023-06-01 00:00:00.000'),
        -- (71936,113261,5,739,818.70,0.00,'e8e72212-63b5-4456-882c-efa2560c655c','2023-06-01 00:00:00.000'),
        -- (71936,113262,2,987,112.998,0.40,'86838275-4711-435c-8ef9-9fe4924b47d9','2023-06-01 00:00:00.000'),
        -- (71936,113263,5,809,37.152,0.00,'35578b52-dddb-44c6-917c-a9ef90bd8a71','2023-06-01 00:00:00.000'),
        -- (71936,113264,2,904,218.454,0.00,'2000d44e-0e7c-4fba-96d9-55d18727db36','2023-06-01 00:00:00.000'),
        -- (71936,113265,4,781,1391.994,0.00,'0415bef2-9bab-4e5c-9969-c2732d00934a','2023-06-01 00:00:00.000'),
        -- (71936,113266,4,868,41.994,0.00,'e0f7dc39-cc81-4772-ba44-73b5ed6ef339','2023-06-01 00:00:00.000'),
        -- (71936,113267,5,988,112.998,0.40,'fb4c7e71-f938-4724-ab4a-6a35ccdf8cae','2023-06-01 00:00:00.000'),
        -- (71936,113268,7,742,818.70,0.00,'f0ba94e6-f0b3-4a55-9091-60c797950ff1','2023-06-01 00:00:00.000'),
        -- (71936,113269,2,936,37.254,0.00,'059cdc00-5c89-4d66-b7bb-e20a777da63a','2023-06-01 00:00:00.000'),
        -- (71936,113270,6,909,23.484,0.00,'505672c0-9af6-4b59-a1c1-8f38198306bf','2023-06-01 00:00:00.000'),
        -- (71938,113274,5,973,1020.594,0.00,'74d8a174-0fba-421b-abe3-b54c728a1a95','2023-06-01 00:00:00.000'),
        -- (71938,113275,3,876,72.00,0.00,'ac17eb2e-c4b8-44ba-9799-6f814c84e400','2023-06-01 00:00:00.000'),
        -- (71938,113276,2,835,356.898,0.00,'7d738f6b-9825-4fd3-9d21-f703cbced4f4','2023-06-01 00:00:00.000'),
        -- (71938,113277,3,974,1020.594,0.00,'9b9a0c77-1b13-4411-9dd0-26027faeb98c','2023-06-01 00:00:00.000'),
        -- (71938,113278,3,707,20.994,0.00,'e000afd3-ccd5-43e8-a10f-b29ec9caeaed','2023-06-01 00:00:00.000'),
        -- (71938,113279,1,813,72.162,0.00,'9d987e75-e96d-4903-be36-0ce579a6f47b','2023-06-01 00:00:00.000'),
        -- (71938,113280,5,938,24.294,0.00,'5a1caeaf-6394-432d-906f-b0826d629c65','2023-06-01 00:00:00.000'),
        -- (71938,113281,5,884,32.394,0.00,'eadb5fc1-5744-4a62-825c-406b7f8720a3','2023-06-01 00:00:00.000'),
        -- (71938,113282,3,711,20.994,0.00,'c01d83f5-cf9a-42e6-967c-d6ecc3a59b49','2023-06-01 00:00:00.000'),
        -- (71938,113283,1,712,5.394,0.00,'23a06d81-fc31-45f6-a969-a224fce4f713','2023-06-01 00:00:00.000'),
        -- (71938,113284,5,940,48.594,0.00,'d9d2a6ad-347a-4c99-85a0-f6f037a3a683','2023-06-01 00:00:00.000'),
        -- (71938,113285,3,792,1466.01,0.00,'375a2df5-72c6-44cd-8789-30eebf0e5b86','2023-06-01 00:00:00.000'),
        -- (71938,113286,5,976,1020.594,0.00,'d8261319-f5ff-4daa-8698-5a68c2141f61','2023-06-01 00:00:00.000'),
        -- (71938,113287,5,798,672.294,0.00,'e4931d3e-3865-45d5-ad17-1ecc69f8ed52','2023-06-01 00:00:00.000'),
        -- (71938,113288,4,799,672.294,0.00,'c9fcf326-d1b9-44a4-b29d-2d1888f6b0fd','2023-06-01 00:00:00.000'),
        -- (71938,113289,4,864,38.10,0.00,'11e8e6a3-eb52-45ca-a51c-3f1fc7a2f272','2023-06-01 00:00:00.000'),
        -- (71938,113290,2,714,29.994,0.00,'87a4ec8d-b4f3-4d27-b025-fc416d8cb7d0','2023-06-01 00:00:00.000'),
        -- (71938,113291,4,999,323.994,0.00,'2947ca98-a4f4-4554-b725-9c2cd3592916','2023-06-01 00:00:00.000'),
        -- (71938,113292,5,998,323.994,0.00,'2d0316bd-074d-4f2e-88a5-4e56f84562cd','2023-06-01 00:00:00.000'),
        -- (71938,113293,6,877,4.77,0.00,'b3dd9942-1c2e-4b0e-9b30-dea600b36d0d','2023-06-01 00:00:00.000'),
        -- (71938,113294,3,796,1466.01,0.00,'1618c9dc-78a0-4936-b89a-c2466681c11f','2023-06-01 00:00:00.000'),
        -- (71938,113295,5,708,20.994,0.00,'964b3375-8ee7-46c6-8149-fb72fc2e267b','2023-06-01 00:00:00.000'),
        -- (71938,113296,5,865,38.10,0.00,'97ae3231-5a4d-4988-9ee5-a33971aaf34d','2023-06-01 00:00:00.000'),
        -- (71938,113297,3,738,202.332,0.00,'64ef2a38-a413-406e-a514-6cf142f25ac6','2023-06-01 00:00:00.000'),
        -- (71938,113298,3,883,32.394,0.00,'2ddebb25-330d-4361-a774-ca44d29d1e05','2023-06-01 00:00:00.000'),
        -- (71938,113299,3,997,323.994,0.00,'0acdeade-29a9-465d-923b-41cc21ecf57b','2023-06-01 00:00:00.000'),
        -- (71938,113300,8,870,2.994,0.00,'efbd0f32-cacc-4429-9477-da43f9a04348','2023-06-01 00:00:00.000'),
        -- (71938,113301,6,795,1466.01,0.00,'05a28311-9869-486b-ba7b-539517a25f97','2023-06-01 00:00:00.000'),
        -- (71938,113302,4,874,5.394,0.00,'dd5e62b4-0457-457f-8307-82f5c1eee470','2023-06-01 00:00:00.000'),
        -- (71938,113303,2,859,14.694,0.00,'e7c11996-8d83-4515-bfbd-7e380cdb6252','2023-06-01 00:00:00.000'),
        -- (71938,113304,5,975,1020.594,0.00,'3304dca0-a7a4-43b5-99a2-8c810f7a7161','2023-06-01 00:00:00.000'),
        -- (71938,113305,3,793,1466.01,0.00,'4b32e728-acdd-47f7-a2b0-1e4adc606e7f','2023-06-01 00:00:00.000'),
        -- (71938,113306,5,797,672.294,0.00,'cf099a40-bb51-40b1-9fe1-f47a0de2a342','2023-06-01 00:00:00.000'),
        -- (71938,113307,7,880,32.994,0.00,'f003aed8-258b-4234-83bc-ef7516e5b90f','2023-06-01 00:00:00.000'),
        -- (71938,113308,4,977,323.994,0.00,'e295d970-dbb5-4962-aab5-c836a8953276','2023-06-01 00:00:00.000'),
        -- (71938,113309,5,801,672.294,0.00,'b80c355f-e9a2-4307-8ee0-3ab7f95c8542','2023-06-01 00:00:00.000'),
        -- (71938,113310,7,794,1466.01,0.00,'4bc1ad3f-f801-49df-b805-6b67d52952ff','2023-06-01 00:00:00.000'),
        -- (71938,113311,6,939,37.254,0.00,'729832fe-0fdc-449d-a720-f2a96e03b392','2023-06-01 00:00:00.000'),
        -- (71938,113312,3,715,29.994,0.00,'64fbaaab-9400-4664-add7-97115b75b27b','2023-06-01 00:00:00.000'),
        -- (71938,113313,1,881,32.394,0.00,'67d4e5d4-9629-49a6-a6e0-9e1c4cdee3de','2023-06-01 00:00:00.000'),
        -- (71938,113314,2,875,5.394,0.00,'352d06e9-8456-4966-9c73-3f227b023962','2023-06-01 00:00:00.000'),
        -- (71938,113315,3,800,672.294,0.00,'78f73142-e566-453f-a2b9-88a0fcaf4552','2023-06-01 00:00:00.000'),
        -- (71946,113406,1,916,31.584,0.00,'b571cee0-a90a-4e76-9796-379b55352a28','2023-06-01 00:00:00.000')

    -- SET IDENTITY_INSERT SalesLT.SalesOrderDetails OFF;
END